backend,curve,simd,orientation,layout,cache,threads,phase,samples,median_ms,p10_ms,p90_ms,avx_msm_min,avx_msm_max,avx_each_min,avx_each_max
blst,bls12_381,native,normal,1x16,cached,12,acceptance,30,7.5944495,7.5642077,7.6313233,0,0,0,0
blst,bls12_381,native,normal,1x16,cached,12,combiner,30,25.4167695,25.379144999999998,25.564716800000003,0,0,0,0
blst,bls12_381,native,normal,1x16,cached,12,encryption,30,1.083145,1.067657,1.1020154000000002,0,0,0,0
blst,bls12_381,native,normal,1x16,cached,12,end_to_end,30,28.631840500000003,28.5797133,28.834740999999998,0,0,0,0
blst,bls12_381,native,normal,1x16,cached,12,opening,30,9.289957999999999,9.2604668,9.319294000000001,0,0,0,0
blst,bls12_381,native,normal,1x16,cached,12,precompute,30,8.537376000000002,8.4999027,8.6658612,0,0,0,0
blst,bls12_381,native,normal,1x16,cached,12,preparation,30,0.0,0.0,0.0,0,0,0,0
blst,bls12_381,native,normal,1x16,cached,12,share_generation,30,1.7957705000000002,1.7842,1.8119091,0,0,0,0
blst,bls12_381,native,normal,1x16,cached,12,validation,30,0.335982,0.32818790000000003,0.3472815,0,0,0,0
blst,bls12_381,native,normal,1x16,cold,12,acceptance,30,7.641850499999999,7.615808100000001,7.6749901,0,0,0,0
blst,bls12_381,native,normal,1x16,cold,12,combiner,30,151.6606135,149.87203780000002,156.1327197,0,0,0,0
blst,bls12_381,native,normal,1x16,cold,12,encryption,30,1.089419,1.0792788,1.1040751,0,0,0,0
blst,bls12_381,native,normal,1x16,cold,12,end_to_end,30,154.88108999999997,153.08261660000002,159.36253920000001,0,0,0,0
blst,bls12_381,native,normal,1x16,cold,12,opening,30,9.403833500000001,9.386333800000001,9.4265092,0,0,0,0
blst,bls12_381,native,normal,1x16,cold,12,precompute,30,8.6430765,8.614713300000002,8.670506699999999,0,0,0,0
blst,bls12_381,native,normal,1x16,cold,12,preparation,30,126.0301905,124.2087966,130.42460889999998,0,0,0,0
blst,bls12_381,native,normal,1x16,cold,12,share_generation,30,1.8006579999999999,1.7950827999999999,1.8157371,0,0,0,0
blst,bls12_381,native,normal,1x16,cold,12,validation,30,0.3347855,0.327971,0.34628319999999996,0,0,0,0
blst,bls12_381,native,normal,4x4,cached,12,acceptance,30,6.2690515,6.2178715,6.2969162,0,0,0,0
blst,bls12_381,native,normal,4x4,cached,12,combiner,30,17.124947499999998,16.9321516,17.191653,0,0,0,0
blst,bls12_381,native,normal,4x4,cached,12,encryption,30,1.0905605,1.0773934,1.1067930000000001,0,0,0,0
blst,bls12_381,native,normal,4x4,cached,12,end_to_end,30,20.408960999999998,20.268069999999998,20.586262800000004,0,0,0,0
blst,bls12_381,native,normal,4x4,cached,12,opening,30,9.2412245,9.009517299999999,9.273750399999999,0,0,0,0
blst,bls12_381,native,normal,4x4,cached,12,precompute,30,1.6214765,1.6089095999999998,1.6352066,0,0,0,0
blst,bls12_381,native,normal,4x4,cached,12,preparation,30,0.0,0.0,0.0,0,0,0,0
blst,bls12_381,native,normal,4x4,cached,12,share_generation,30,1.9411255,1.8706037999999998,2.0294123999999996,0,0,0,0
blst,bls12_381,native,normal,4x4,cached,12,validation,30,0.2776975,0.2665329,0.2861221,0,0,0,0
blst,bls12_381,native,normal,4x4,cold,12,acceptance,30,6.2724805,6.2521151,6.312748399999999,0,0,0,0
blst,bls12_381,native,normal,4x4,cold,12,combiner,30,63.00525,62.4392146,64.88318199999999,0,0,0,0
blst,bls12_381,native,normal,4x4,cold,12,encryption,30,1.091737,1.0811047,1.1038714,0,0,0,0
blst,bls12_381,native,normal,4x4,cold,12,end_to_end,30,66.31998200000001,65.82254019999999,68.2905546,0,0,0,0
blst,bls12_381,native,normal,4x4,cold,12,opening,30,9.2496325,9.033368500000002,9.2766675,0,0,0,0
blst,bls12_381,native,normal,4x4,cold,12,precompute,30,1.6296525000000002,1.6146645000000002,1.6381356,0,0,0,0
blst,bls12_381,native,normal,4x4,cold,12,preparation,30,45.777716999999996,45.4685066,47.6248425,0,0,0,0
blst,bls12_381,native,normal,4x4,cold,12,share_generation,30,2.0100805,1.8821866,2.0336563,0,0,0,0
blst,bls12_381,native,normal,4x4,cold,12,validation,30,0.27844349999999995,0.27292099999999997,0.28612220000000005,0,0,0,0
blst,bls12_381,native,swapped,1x16,cached,12,acceptance,30,6.122078500000001,6.1042581,6.1487011,0,0,0,0
blst,bls12_381,native,swapped,1x16,cached,12,combiner,30,26.9932935,26.9283139,27.130394,0,0,0,0
blst,bls12_381,native,swapped,1x16,cached,12,encryption,30,1.310127,1.2982169000000001,1.3252401,0,0,0,0
blst,bls12_381,native,swapped,1x16,cached,12,end_to_end,30,32.9106595,32.838173999999995,33.080174,0,0,0,0
blst,bls12_381,native,swapped,1x16,cached,12,opening,30,9.296555999999999,9.2702982,9.327713099999999,0,0,0,0
blst,bls12_381,native,swapped,1x16,cached,12,precompute,30,11.55875,11.5233501,11.7207246,0,0,0,0
blst,bls12_381,native,swapped,1x16,cached,12,preparation,30,0.0,0.0,0.0,0,0,0,0
blst,bls12_381,native,swapped,1x16,cached,12,share_generation,30,4.028062,4.0211629,4.0416574999999995,0,0,0,0
blst,bls12_381,native,swapped,1x16,cached,12,validation,30,0.5748260000000001,0.565464,0.5847269999999999,0,0,0,0
blst,bls12_381,native,swapped,1x16,cold,12,acceptance,30,6.167336000000001,6.136978500000001,6.1827776,0,0,0,0
blst,bls12_381,native,swapped,1x16,cold,12,combiner,30,78.2811965,75.9123477,79.3625119,0,0,0,0
blst,bls12_381,native,swapped,1x16,cold,12,encryption,30,1.331602,1.3159118,1.3460695,0,0,0,0
blst,bls12_381,native,swapped,1x16,cold,12,end_to_end,30,84.2623215,81.8687044,85.376491,0,0,0,0
blst,bls12_381,native,swapped,1x16,cold,12,opening,30,9.365141000000001,9.344367499999999,9.387646499999999,0,0,0,0
blst,bls12_381,native,swapped,1x16,cold,12,precompute,30,11.6191365,11.5925743,11.7599558,0,0,0,0
blst,bls12_381,native,swapped,1x16,cold,12,preparation,30,51.135053000000006,48.739648700000004,52.183141000000006,0,0,0,0
blst,bls12_381,native,swapped,1x16,cold,12,share_generation,30,4.0715069999999995,4.0479149,4.0826772,0,0,0,0
blst,bls12_381,native,swapped,1x16,cold,12,validation,30,0.5784860000000001,0.5711388,0.5949643,0,0,0,0
blst,bls12_381,native,swapped,4x4,cached,12,acceptance,30,4.7581915,4.7475760000000005,4.771905500000001,0,0,0,0
blst,bls12_381,native,swapped,4x4,cached,12,combiner,30,16.095325,16.0461994,16.147301199999998,0,0,0,0
blst,bls12_381,native,swapped,4x4,cached,12,encryption,30,1.3286135,1.3083780000000003,1.4484006000000005,0,0,0,0
blst,bls12_381,native,swapped,4x4,cached,12,end_to_end,30,22.937919,22.7172781,23.4603685,0,0,0,0
blst,bls12_381,native,swapped,4x4,cached,12,opening,30,9.2677275,9.2170251,9.294308499999998,0,0,0,0
blst,bls12_381,native,swapped,4x4,cached,12,precompute,30,2.066223,2.057824,2.074501,0,0,0,0
blst,bls12_381,native,swapped,4x4,cached,12,preparation,30,0.0,0.0,0.0,0,0,0,0
blst,bls12_381,native,swapped,4x4,cached,12,share_generation,30,4.9664934999999995,4.7899199,5.1643462,0,0,0,0
blst,bls12_381,native,swapped,4x4,cached,12,validation,30,0.5119145,0.5037927,0.5200791,0,0,0,0
blst,bls12_381,native,swapped,4x4,cold,12,acceptance,30,4.762493500000001,4.7465066,4.7798501,0,0,0,0
blst,bls12_381,native,swapped,4x4,cold,12,combiner,30,35.284268,35.021708100000005,36.1202916,0,0,0,0
blst,bls12_381,native,swapped,4x4,cold,12,encryption,30,1.3220795,1.3050115,1.332893,0,0,0,0
blst,bls12_381,native,swapped,4x4,cold,12,end_to_end,30,42.187181499999994,41.64195099999999,43.104856500000004,0,0,0,0
blst,bls12_381,native,swapped,4x4,cold,12,opening,30,9.221446999999998,9.1958699,9.4502996,0,0,0,0
blst,bls12_381,native,swapped,4x4,cold,12,precompute,30,2.0456695,2.0331876,2.0532471,0,0,0,0
blst,bls12_381,native,swapped,4x4,cold,12,preparation,30,19.195476,19.0014538,20.039346099999996,0,0,0,0
blst,bls12_381,native,swapped,4x4,cold,12,share_generation,30,4.9580874999999995,4.7691622,5.1575336,0,0,0,0
blst,bls12_381,native,swapped,4x4,cold,12,validation,30,0.511579,0.5038498,0.5209883,0,0,0,0
mcl,bls12_381,avx512,normal,1x16,cached,12,acceptance,30,7.435840000000001,7.4181862999999995,7.458788800000001,0,0,0,0
mcl,bls12_381,avx512,normal,1x16,cached,12,combiner,30,19.7864735,19.7080774,19.868264,0,0,0,0
mcl,bls12_381,avx512,normal,1x16,cached,12,encryption,30,0.978226,0.9711946,0.9887256,0,0,0,0
mcl,bls12_381,avx512,normal,1x16,cached,12,end_to_end,30,22.8618995,22.7863115,22.9451886,0,0,0,0
mcl,bls12_381,avx512,normal,1x16,cached,12,opening,30,8.441399,8.4328669,8.4519023,0,0,0,0
mcl,bls12_381,avx512,normal,1x16,cached,12,precompute,30,3.905764,3.8253592,3.9867213,0,0,0,0
mcl,bls12_381,avx512,normal,1x16,cached,12,preparation,30,2e-05,2e-05,2e-05,0,0,0,0
mcl,bls12_381,avx512,normal,1x16,cached,12,share_generation,30,1.1609325,1.155861,1.1677501,0,0,0,0
mcl,bls12_381,avx512,normal,1x16,cached,12,validation,30,0.9334595,0.9253019,0.9400841000000001,0,0,0,0
mcl,bls12_381,avx512,normal,1x16,cold,12,acceptance,30,7.4273685,7.378241,7.4526043,0,0,0,0
mcl,bls12_381,avx512,normal,1x16,cold,12,combiner,30,124.946573,124.64905590000001,125.1460741,0,0,0,0
mcl,bls12_381,avx512,normal,1x16,cold,12,encryption,30,0.978917,0.9688209,0.9890208,0,0,0,0
mcl,bls12_381,avx512,normal,1x16,cold,12,end_to_end,30,128.02803799999998,127.6926691,128.2424294,0,0,0,0
mcl,bls12_381,avx512,normal,1x16,cold,12,opening,30,8.405379499999999,8.3882019,8.4225441,0,0,0,0
mcl,bls12_381,avx512,normal,1x16,cold,12,precompute,30,3.957555,3.9378906,3.9955568,0,0,0,0
mcl,bls12_381,avx512,normal,1x16,cold,12,preparation,30,105.1461855,104.90131480000001,105.3315411,0,0,0,0
mcl,bls12_381,avx512,normal,1x16,cold,12,share_generation,30,1.1619185,1.1541208,1.1689631999999999,0,0,0,0
mcl,bls12_381,avx512,normal,1x16,cold,12,validation,30,0.9302345000000001,0.921603,0.9410170000000001,0,0,0,0
mcl,bls12_381,avx512,normal,4x4,cached,12,acceptance,30,6.2235825,6.196702,6.2541964000000005,0,0,0,0
mcl,bls12_381,avx512,normal,4x4,cached,12,combiner,30,16.226395500000002,16.150167699999997,16.3172902,0,0,0,0
mcl,bls12_381,avx512,normal,4x4,cached,12,encryption,30,0.985466,0.9742088,0.9979273,0,0,0,0
mcl,bls12_381,avx512,normal,4x4,cached,12,end_to_end,30,19.619899,19.5089556,19.720659,0,0,0,0
mcl,bls12_381,avx512,normal,4x4,cached,12,opening,30,8.4342895,8.4033129,8.4508051,0,0,0,0
mcl,bls12_381,avx512,normal,4x4,cached,12,precompute,30,1.569574,1.5017571,1.6261124,0,0,0,0
mcl,bls12_381,avx512,normal,4x4,cached,12,preparation,30,2e-05,2e-05,2.0100000000000004e-05,0,0,0,0
mcl,bls12_381,avx512,normal,4x4,cached,12,share_generation,30,1.5016515,1.490002,1.5090635000000001,0,0,0,0
mcl,bls12_381,avx512,normal,4x4,cached,12,validation,30,0.9062015,0.8904098,0.9245945000000001,0,0,0,0
mcl,bls12_381,avx512,normal,4x4,cold,12,acceptance,30,6.1713255,6.1531905,6.1890845,0,0,0,0
mcl,bls12_381,avx512,normal,4x4,cold,12,combiner,30,54.9576785,54.7063166,55.3857604,0,0,0,0
mcl,bls12_381,avx512,normal,4x4,cold,12,encryption,30,0.975372,0.9686119,0.9900904,0,0,0,0
mcl,bls12_381,avx512,normal,4x4,cold,12,end_to_end,30,58.317486,58.0677953,58.7423928,0,0,0,0
mcl,bls12_381,avx512,normal,4x4,cold,12,opening,30,8.361813999999999,8.3446689,8.371989200000002,0,0,0,0
mcl,bls12_381,avx512,normal,4x4,cold,12,precompute,30,1.530345,1.4864229,1.7007688,0,0,0,0
mcl,bls12_381,avx512,normal,4x4,cold,12,preparation,30,38.8420555,38.6255358,39.3395941,0,0,0,0
mcl,bls12_381,avx512,normal,4x4,cold,12,share_generation,30,1.4893195000000001,1.4849719,1.4976281,0,0,0,0
mcl,bls12_381,avx512,normal,4x4,cold,12,validation,30,0.898596,0.8869687,0.9121344,0,0,0,0
mcl,bls12_381,avx512,swapped,1x16,cached,12,acceptance,30,6.4117615,6.3678412,6.4429179,0,0,0,0
mcl,bls12_381,avx512,swapped,1x16,cached,12,combiner,30,19.818698,19.755102599999997,19.9540992,0,0,0,0
mcl,bls12_381,avx512,swapped,1x16,cached,12,encryption,30,1.09032,1.083767,1.1027643,0,0,0,0
mcl,bls12_381,avx512,swapped,1x16,cached,12,end_to_end,30,24.849213499999998,24.7757321,24.9985633,0,0,0,0
mcl,bls12_381,avx512,swapped,1x16,cached,12,opening,30,8.44577,8.424286,8.4830165,0,0,0,0
mcl,bls12_381,avx512,swapped,1x16,cached,12,precompute,30,4.976987,4.9034797,5.052788,0,0,0,0
mcl,bls12_381,avx512,swapped,1x16,cached,12,preparation,30,2e-05,2e-05,2e-05,0,0,0,0
mcl,bls12_381,avx512,swapped,1x16,cached,12,share_generation,30,2.88584,2.8748606,2.9009591,0,0,0,0
mcl,bls12_381,avx512,swapped,1x16,cached,12,validation,30,1.051942,1.0387826,1.0682421000000002,0,0,0,0
mcl,bls12_381,avx512,swapped,1x16,cold,12,acceptance,30,6.415331500000001,6.3551599,6.4482611,0,0,0,0
mcl,bls12_381,avx512,swapped,1x16,cold,12,combiner,30,59.273682,59.1986506,59.6595187,15,15,1,1
mcl,bls12_381,avx512,swapped,1x16,cold,12,encryption,30,1.0967335,1.0838485,1.1043281,0,0,0,0
mcl,bls12_381,avx512,swapped,1x16,cold,12,end_to_end,30,64.295451,64.2060206,64.7143123,15,15,1,1
mcl,bls12_381,avx512,swapped,1x16,cold,12,opening,30,8.433823499999999,8.423772600000001,8.475800099999999,0,0,0,0
mcl,bls12_381,avx512,swapped,1x16,cold,12,precompute,30,4.8983194999999995,4.867885,4.9819946999999996,0,0,0,0
mcl,bls12_381,avx512,swapped,1x16,cold,12,preparation,30,39.532876,39.4220292,39.7385141,15,15,1,1
mcl,bls12_381,avx512,swapped,1x16,cold,12,share_generation,30,2.8937665,2.8697639,2.9006950000000002,0,0,0,0
mcl,bls12_381,avx512,swapped,1x16,cold,12,validation,30,1.0507705,1.0411458,1.0613213000000001,0,0,0,0
mcl,bls12_381,avx512,swapped,4x4,cached,12,acceptance,30,5.193466,5.1671206,5.2103994,0,0,0,0
mcl,bls12_381,avx512,swapped,4x4,cached,12,combiner,30,15.360379,15.2902985,15.4717282,0,0,0,0
mcl,bls12_381,avx512,swapped,4x4,cached,12,encryption,30,1.099572,1.0868129,1.1084923,0,0,0,0
mcl,bls12_381,avx512,swapped,4x4,cached,12,end_to_end,30,20.7313285,20.649868100000003,20.8231672,0,0,0,0
mcl,bls12_381,avx512,swapped,4x4,cached,12,opening,30,8.457817,8.4254485,8.4710091,0,0,0,0
mcl,bls12_381,avx512,swapped,4x4,cached,12,precompute,30,1.702637,1.6658297999999998,1.8276138,0,0,0,0
mcl,bls12_381,avx512,swapped,4x4,cached,12,preparation,30,2e-05,2e-05,2.1e-05,0,0,0,0
mcl,bls12_381,avx512,swapped,4x4,cached,12,share_generation,30,3.2484845,3.2332163,3.2583325,0,0,0,0
mcl,bls12_381,avx512,swapped,4x4,cached,12,validation,30,1.014556,1.0033799,1.028361,0,0,0,0
mcl,bls12_381,avx512,swapped,4x4,cold,12,acceptance,30,5.1696875,5.1320634,5.1923521,0,0,0,0
mcl,bls12_381,avx512,swapped,4x4,cold,12,combiner,30,29.9237705,29.8498822,30.006008400000002,3,3,0,0
mcl,bls12_381,avx512,swapped,4x4,cold,12,encryption,30,1.0933145,1.0862466000000002,1.1052792,0,0,0,0
mcl,bls12_381,avx512,swapped,4x4,cold,12,end_to_end,30,35.2571535,35.1846438,35.3507093,3,3,0,0
mcl,bls12_381,avx512,swapped,4x4,cold,12,opening,30,8.429437,8.387132500000002,8.438645000000001,0,0,0,0
mcl,bls12_381,avx512,swapped,4x4,cold,12,precompute,30,1.7023815,1.6709637,1.783507,0,0,0,0
mcl,bls12_381,avx512,swapped,4x4,cold,12,preparation,30,14.6131405,14.56026,14.653594100000001,3,3,0,0
mcl,bls12_381,avx512,swapped,4x4,cold,12,share_generation,30,3.238746,3.2237156,3.2477421,0,0,0,0
mcl,bls12_381,avx512,swapped,4x4,cold,12,validation,30,1.008758,0.9976555,1.0223602,0,0,0,0
mcl,bls12_381,off,normal,1x16,cached,12,acceptance,30,7.472441,7.4315257,7.5090901,0,0,0,0
mcl,bls12_381,off,normal,1x16,cached,12,combiner,30,19.7239565,19.691702,19.7948351,0,0,0,0
mcl,bls12_381,off,normal,1x16,cached,12,encryption,30,0.9872434999999999,0.9760559,0.9967732,0,0,0,0
mcl,bls12_381,off,normal,1x16,cached,12,end_to_end,30,22.820912999999997,22.7657417,22.8881046,0,0,0,0
mcl,bls12_381,off,normal,1x16,cached,12,opening,30,8.485304500000002,8.439841,8.5366102,0,0,0,0
mcl,bls12_381,off,normal,1x16,cached,12,precompute,30,3.756949,3.6873379,3.8716838000000005,0,0,0,0
mcl,bls12_381,off,normal,1x16,cached,12,preparation,30,2e-05,2e-05,2e-05,0,0,0,0
mcl,bls12_381,off,normal,1x16,cached,12,share_generation,30,1.1605965,1.1533811,1.1702304000000001,0,0,0,0
mcl,bls12_381,off,normal,1x16,cached,12,validation,30,0.9434875,0.9305949,0.9528311,0,0,0,0
mcl,bls12_381,off,normal,1x16,cold,12,acceptance,30,7.4481825,7.4172917,7.4938299,0,0,0,0
mcl,bls12_381,off,normal,1x16,cold,12,combiner,30,125.878525,125.10905009999999,126.4932125,0,0,0,0
mcl,bls12_381,off,normal,1x16,cold,12,encryption,30,0.9844495,0.9749237000000001,1.0063194,0,0,0,0
mcl,bls12_381,off,normal,1x16,cold,12,end_to_end,30,128.962739,128.18495280000002,129.55152470000002,0,0,0,0
mcl,bls12_381,off,normal,1x16,cold,12,opening,30,8.446116,8.4061098,8.516002,0,0,0,0
mcl,bls12_381,off,normal,1x16,cold,12,precompute,30,3.965706,3.8504189,4.0018468,0,0,0,0
mcl,bls12_381,off,normal,1x16,cold,12,preparation,30,106.06188449999999,105.3020106,106.5852182,0,0,0,0
mcl,bls12_381,off,normal,1x16,cold,12,share_generation,30,1.1605415,1.1521448,1.1702769,0,0,0,0
mcl,bls12_381,off,normal,1x16,cold,12,validation,30,0.9352365,0.9259288999999999,0.9459091000000001,0,0,0,0
mcl,bls12_381,off,normal,4x4,cached,12,acceptance,30,6.248748,6.2068199,6.2780272,0,0,0,0
mcl,bls12_381,off,normal,4x4,cached,12,combiner,30,16.334794000000002,16.2178939,16.398093099999997,0,0,0,0
mcl,bls12_381,off,normal,4x4,cached,12,encryption,30,0.9876135,0.9773937,1.004036,0,0,0,0
mcl,bls12_381,off,normal,4x4,cached,12,end_to_end,30,19.748817000000003,19.6267669,19.8159614,0,0,0,0
mcl,bls12_381,off,normal,4x4,cached,12,opening,30,8.4568205,8.4265329,8.543584300000001,0,0,0,0
mcl,bls12_381,off,normal,4x4,cached,12,precompute,30,1.5918899999999998,1.5390991,1.6579142,0,0,0,0
mcl,bls12_381,off,normal,4x4,cached,12,preparation,30,2e-05,2e-05,2e-05,0,0,0,0
mcl,bls12_381,off,normal,4x4,cached,12,share_generation,30,1.5029575,1.491589,1.5118511,0,0,0,0
mcl,bls12_381,off,normal,4x4,cached,12,validation,30,0.915084,0.8987902000000001,0.9260141,0,0,0,0
mcl,bls12_381,off,normal,4x4,cold,12,acceptance,30,6.1962255,6.1664368000000005,6.2340751,0,0,0,0
mcl,bls12_381,off,normal,4x4,cold,12,combiner,30,55.3712725,55.0304792,55.8112891,0,0,0,0
mcl,bls12_381,off,normal,4x4,cold,12,encryption,30,0.9869825,0.9760249,1.0002281,0,0,0,0
mcl,bls12_381,off,normal,4x4,cold,12,end_to_end,30,58.752379000000005,58.4022727,59.2166215,0,0,0,0
mcl,bls12_381,off,normal,4x4,cold,12,opening,30,8.399306,8.3485656,8.4688952,0,0,0,0
mcl,bls12_381,off,normal,4x4,cold,12,precompute,30,1.567442,1.5275328,1.6141857,0,0,0,0
mcl,bls12_381,off,normal,4x4,cold,12,preparation,30,39.2178275,38.935172,39.5931531,0,0,0,0
mcl,bls12_381,off,normal,4x4,cold,12,share_generation,30,1.4959280000000001,1.4902877,1.5044179,0,0,0,0
mcl,bls12_381,off,normal,4x4,cold,12,validation,30,0.908615,0.89432,0.920909,0,0,0,0
mcl,bls12_381,off,swapped,1x16,cached,12,acceptance,30,6.4036755,6.318317599999999,6.4361196,0,0,0,0
mcl,bls12_381,off,swapped,1x16,cached,12,combiner,30,19.695774,19.6485602,19.8180623,0,0,0,0
mcl,bls12_381,off,swapped,1x16,cached,12,encryption,30,1.0861589999999999,1.0763159,1.098964,0,0,0,0
mcl,bls12_381,off,swapped,1x16,cached,12,end_to_end,30,24.706443,24.6427609,24.8708503,0,0,0,0
mcl,bls12_381,off,swapped,1x16,cached,12,opening,30,8.435326,8.3836539,8.4672793,0,0,0,0
mcl,bls12_381,off,swapped,1x16,cached,12,precompute,30,4.9286155,4.8074208,4.981370500000001,0,0,0,0
mcl,bls12_381,off,swapped,1x16,cached,12,preparation,30,2e-05,2e-05,2.1000000000000016e-05,0,0,0,0
mcl,bls12_381,off,swapped,1x16,cached,12,share_generation,30,2.888389,2.8615149,2.8988562,0,0,0,0
mcl,bls12_381,off,swapped,1x16,cached,12,validation,30,1.0426549999999999,1.0341762,1.0551071,0,0,0,0
mcl,bls12_381,off,swapped,1x16,cold,12,acceptance,30,6.4158375,6.4052567,6.4529694,0,0,0,0
mcl,bls12_381,off,swapped,1x16,cold,12,combiner,30,70.190316,70.07262180000001,70.5772378,0,0,0,0
mcl,bls12_381,off,swapped,1x16,cold,12,encryption,30,1.0986815,1.0869035,1.1112242,0,0,0,0
mcl,bls12_381,off,swapped,1x16,cold,12,end_to_end,30,75.22875350000001,75.100887,75.6467865,0,0,0,0
mcl,bls12_381,off,swapped,1x16,cold,12,opening,30,8.4393765,8.429726800000001,8.4555059,0,0,0,0
mcl,bls12_381,off,swapped,1x16,cold,12,precompute,30,4.8462825,4.703717,5.0450919,0,0,0,0
mcl,bls12_381,off,swapped,1x16,cold,12,preparation,30,50.5075315,50.3143946,50.7316927,0,0,0,0
mcl,bls12_381,off,swapped,1x16,cold,12,share_generation,30,2.8944725,2.8844839,2.9047997000000003,0,0,0,0
mcl,bls12_381,off,swapped,1x16,cold,12,validation,30,1.0512365,1.043242,1.0589562,0,0,0,0
mcl,bls12_381,off,swapped,4x4,cached,12,acceptance,30,5.191798,5.1716068,5.2214795,0,0,0,0
mcl,bls12_381,off,swapped,4x4,cached,12,combiner,30,15.377862499999999,15.3047017,15.4358852,0,0,0,0
mcl,bls12_381,off,swapped,4x4,cached,12,encryption,30,1.0999984999999999,1.0888179,1.1096235,0,0,0,0
mcl,bls12_381,off,swapped,4x4,cached,12,end_to_end,30,20.75072,20.6360031,20.825942299999998,0,0,0,0
mcl,bls12_381,off,swapped,4x4,cached,12,opening,30,8.4620325,8.4318265,8.4727072,0,0,0,0
mcl,bls12_381,off,swapped,4x4,cached,12,precompute,30,1.7154655,1.6711543,1.7783010000000001,0,0,0,0
mcl,bls12_381,off,swapped,4x4,cached,12,preparation,30,2e-05,2e-05,2.190000000000001e-05,0,0,0,0
mcl,bls12_381,off,swapped,4x4,cached,12,share_generation,30,3.2570759999999996,3.248917,3.2678802,0,0,0,0
mcl,bls12_381,off,swapped,4x4,cached,12,validation,30,1.011687,1.0023709,1.0259964,0,0,0,0
mcl,bls12_381,off,swapped,4x4,cold,12,acceptance,30,5.168476,5.1280239000000005,5.2023981,0,0,0,0
mcl,bls12_381,off,swapped,4x4,cold,12,combiner,30,34.999103500000004,34.723533700000004,35.1616079,0,0,0,0
mcl,bls12_381,off,swapped,4x4,cold,12,encryption,30,1.0909659999999999,1.0806226,1.1024436,0,0,0,0
mcl,bls12_381,off,swapped,4x4,cold,12,end_to_end,30,40.3432915,40.035332,40.5120101,0,0,0,0
mcl,bls12_381,off,swapped,4x4,cold,12,opening,30,8.4020595,8.356248500000001,8.449672999999999,0,0,0,0
mcl,bls12_381,off,swapped,4x4,cold,12,precompute,30,1.7151494999999999,1.6784441,1.8314879000000002,0,0,0,0
mcl,bls12_381,off,swapped,4x4,cold,12,preparation,30,19.668421,19.5233184,19.7565812,0,0,0,0
mcl,bls12_381,off,swapped,4x4,cold,12,share_generation,30,3.2416400000000003,3.2185528,3.253771,0,0,0,0
mcl,bls12_381,off,swapped,4x4,cold,12,validation,30,1.0090785,0.989545,1.0236159,0,0,0,0
mcl,bn254,off,normal,1x16,cached,12,acceptance,30,5.232679,5.2110109,5.272229,0,0,0,0
mcl,bn254,off,normal,1x16,cached,12,combiner,30,14.317112999999999,14.1835559,14.5684493,0,0,0,0
mcl,bn254,off,normal,1x16,cached,12,encryption,30,0.7011645,0.6904614,0.7157975,0,0,0,0
mcl,bn254,off,normal,1x16,cached,12,end_to_end,30,16.470721,16.315953,16.7148005,0,0,0,0
mcl,bn254,off,normal,1x16,cached,12,opening,30,6.307733499999999,6.2968089,6.3247585,0,0,0,0
mcl,bn254,off,normal,1x16,cached,12,precompute,30,2.8110175,2.6577053,2.987952,0,0,0,0
mcl,bn254,off,normal,1x16,cached,12,preparation,30,2e-05,2e-05,2.1e-05,0,0,0,0
mcl,bn254,off,normal,1x16,cached,12,share_generation,30,0.718593,0.7135797,0.727906,0,0,0,0
mcl,bn254,off,normal,1x16,cached,12,validation,30,0.7203809999999999,0.705425,0.7347515,0,0,0,0
mcl,bn254,off,normal,1x16,cold,12,acceptance,30,5.24761,5.2322375,5.2784599000000005,0,0,0,0
mcl,bn254,off,normal,1x16,cold,12,combiner,30,72.8495455,72.5470774,73.0518683,0,0,0,0
mcl,bn254,off,normal,1x16,cold,12,encryption,30,0.7069924999999999,0.6939711000000001,0.7248752,0,0,0,0
mcl,bn254,off,normal,1x16,cold,12,end_to_end,30,75.0123155,74.7156407,75.2170629,0,0,0,0
mcl,bn254,off,normal,1x16,cold,12,opening,30,6.328132,6.3196167,6.3418614,0,0,0,0
mcl,bn254,off,normal,1x16,cold,12,precompute,30,2.878901,2.8124574,2.9905293,0,0,0,0
mcl,bn254,off,normal,1x16,cold,12,preparation,30,58.4032195,58.107927100000005,58.5410888,0,0,0,0
mcl,bn254,off,normal,1x16,cold,12,share_generation,30,0.723861,0.7180189,0.7298539,0,0,0,0
mcl,bn254,off,normal,1x16,cold,12,validation,30,0.7241365,0.716639,0.7358203,0,0,0,0
mcl,bn254,off,normal,4x4,cached,12,acceptance,30,4.31014,4.287484999999999,4.3453423,0,0,0,0
mcl,bn254,off,normal,4x4,cached,12,combiner,30,11.7946575,11.7017661,11.9200699,0,0,0,0
mcl,bn254,off,normal,4x4,cached,12,encryption,30,0.7044239999999999,0.6926284,0.7168943000000001,0,0,0,0
mcl,bn254,off,normal,4x4,cached,12,end_to_end,30,14.140986000000002,14.0220719,14.2558384,0,0,0,0
mcl,bn254,off,normal,4x4,cached,12,opening,30,6.3135715,6.2720199,6.3355611,0,0,0,0
mcl,bn254,off,normal,4x4,cached,12,precompute,30,1.1801335,1.1156089,1.269738,0,0,0,0
mcl,bn254,off,normal,4x4,cached,12,preparation,30,2e-05,2e-05,2e-05,0,0,0,0
mcl,bn254,off,normal,4x4,cached,12,share_generation,30,0.928798,0.9217916,0.938021,0,0,0,0
mcl,bn254,off,normal,4x4,cached,12,validation,30,0.704494,0.6897028000000001,0.7180811,0,0,0,0
mcl,bn254,off,normal,4x4,cold,12,acceptance,30,4.301984,4.2824517,4.319911299999999,0,0,0,0
mcl,bn254,off,normal,4x4,cold,12,combiner,30,33.7852885,33.5792978,34.1149934,0,0,0,0
mcl,bn254,off,normal,4x4,cold,12,encryption,30,0.7031274999999999,0.6929537,0.7288465000000001,0,0,0,0
mcl,bn254,off,normal,4x4,cold,12,end_to_end,30,36.1359425,35.9162091,36.4412674,0,0,0,0
mcl,bn254,off,normal,4x4,cold,12,opening,30,6.2925425,6.2695914,6.3164241,0,0,0,0
mcl,bn254,off,normal,4x4,cold,12,precompute,30,1.156857,1.1171513,1.2032616,0,0,0,0
mcl,bn254,off,normal,4x4,cold,12,preparation,30,21.990956,21.8390063,22.3280747,0,0,0,0
mcl,bn254,off,normal,4x4,cold,12,share_generation,30,0.9306205000000001,0.92457,0.9411801,0,0,0,0
mcl,bn254,off,normal,4x4,cold,12,validation,30,0.7053605000000001,0.6908671,0.719269,0,0,0,0
mcl,bn254,off,swapped,1x16,cached,12,acceptance,30,6.247015,6.2289607,6.2626203,0,0,0,0
mcl,bn254,off,swapped,1x16,cached,12,combiner,30,15.9829155,15.9232573,16.0148561,0,0,0,0
mcl,bn254,off,swapped,1x16,cached,12,encryption,30,0.7541625000000001,0.7456360000000001,0.7656132,0,0,0,0
mcl,bn254,off,swapped,1x16,cached,12,end_to_end,30,19.247537,19.196309,19.2935278,0,0,0,0
mcl,bn254,off,swapped,1x16,cached,12,opening,30,6.280832,6.2684122,6.2901181,0,0,0,0
mcl,bn254,off,swapped,1x16,cached,12,precompute,30,3.45586,3.4239021000000003,3.4800314,0,0,0,0
mcl,bn254,off,swapped,1x16,cached,12,preparation,30,2e-05,2e-05,2e-05,0,0,0,0
mcl,bn254,off,swapped,1x16,cached,12,share_generation,30,1.5740405,1.5675919999999999,1.5793512,0,0,0,0
mcl,bn254,off,swapped,1x16,cached,12,validation,30,0.9408195,0.931254,0.9492417,0,0,0,0
mcl,bn254,off,swapped,1x16,cold,12,acceptance,30,6.271523500000001,6.2570289,6.3002175,0,0,0,0
mcl,bn254,off,swapped,1x16,cold,12,combiner,30,47.224659,47.0466238,48.0134021,0,0,0,0
mcl,bn254,off,swapped,1x16,cold,12,encryption,30,0.7640715,0.7486739,0.8035138000000001,0,0,0,0
mcl,bn254,off,swapped,1x16,cold,12,end_to_end,30,50.527483000000004,50.3503375,51.6550757,0,0,0,0
mcl,bn254,off,swapped,1x16,cold,12,opening,30,6.321167,6.2956438,6.336088,0,0,0,0
mcl,bn254,off,swapped,1x16,cold,12,precompute,30,3.5412220000000003,3.460345,3.8536137999999998,0,0,0,0
mcl,bn254,off,swapped,1x16,cold,12,preparation,30,31.0453385,30.9825875,31.7752098,0,0,0,0
mcl,bn254,off,swapped,1x16,cold,12,share_generation,30,1.585747,1.5814658000000001,1.6095905,0,0,0,0
mcl,bn254,off,swapped,1x16,cold,12,validation,30,0.9474940000000001,0.9375699,0.9698042,0,0,0,0
mcl,bn254,off,swapped,4x4,cached,12,acceptance,30,5.332186,5.295045200000001,5.3501487,0,0,0,0
mcl,bn254,off,swapped,4x4,cached,12,combiner,30,12.922509000000002,12.8460538,13.0262696,0,0,0,0
mcl,bn254,off,swapped,4x4,cached,12,encryption,30,0.7581535,0.7475189000000001,0.7737641000000001,0,0,0,0
mcl,bn254,off,swapped,4x4,cached,12,end_to_end,30,16.397309999999997,16.3121797,16.5234458,0,0,0,0
mcl,bn254,off,swapped,4x4,cached,12,opening,30,6.285812999999999,6.2652287,6.3113862,0,0,0,0
mcl,bn254,off,swapped,4x4,cached,12,precompute,30,1.3062325000000001,1.270082,1.3777899,0,0,0,0
mcl,bn254,off,swapped,4x4,cached,12,preparation,30,2e-05,2e-05,2e-05,0,0,0,0
mcl,bn254,off,swapped,4x4,cached,12,share_generation,30,1.7935979999999998,1.7845401,1.8065911,0,0,0,0
mcl,bn254,off,swapped,4x4,cached,12,validation,30,0.917978,0.9038248,0.9326064000000001,0,0,0,0
mcl,bn254,off,swapped,4x4,cold,12,acceptance,30,5.290569,5.2558419,5.3134655,0,0,0,0
mcl,bn254,off,swapped,4x4,cold,12,combiner,30,25.191745,25.0889263,25.397918800000003,0,0,0,0
mcl,bn254,off,swapped,4x4,cold,12,encryption,30,0.7488954999999999,0.7338059,0.7710679,0,0,0,0
mcl,bn254,off,swapped,4x4,cold,12,end_to_end,30,28.628278,28.5073715,28.8902909,0,0,0,0
mcl,bn254,off,swapped,4x4,cold,12,opening,30,6.230122,6.212389699999999,6.273618,0,0,0,0
mcl,bn254,off,swapped,4x4,cold,12,precompute,30,1.336904,1.2914276,1.3853418,0,0,0,0
mcl,bn254,off,swapped,4x4,cold,12,preparation,30,12.353632000000001,12.268536899999999,12.4385727,0,0,0,0
mcl,bn254,off,swapped,4x4,cold,12,share_generation,30,1.7845905,1.7732907,1.7970860000000002,0,0,0,0
mcl,bn254,off,swapped,4x4,cold,12,validation,30,0.9106730000000001,0.8949159999999999,0.9310322,0,0,0,0
