scheme,error,total,round,sample,samples,N,source_N,W,q,t,selected_parties,selected_weight,threads,phase,value,ms,unit,statistic,origin,denominator,source_label,log
wpfe,1/8,16,1,0,1,234,234,764,512,511,59,515,12,setup,284.206,284.206,ms,single_observation,reported,,trusted weighted key generation,wpfe_e8_m16_r1.stdout.log
wpfe,1/8,16,1,0,1,234,234,764,512,511,59,515,12,encryption,1.093,1.093,ms,single_observation,reported,,encrypt batch,wpfe_e8_m16_r1.stdout.log
wpfe,1/8,16,1,0,1,234,234,764,512,511,59,515,12,encryption_per_item,0.068,0.068,ms/item,single_observation,reported,16,encrypt batch,wpfe_e8_m16_r1.stdout.log
wpfe,1/8,16,1,0,1,234,234,764,512,511,59,515,12,fixed_kernel,0.013,0.013,ms,single_observation,reported,,fixed Cauchy FFT kernel,wpfe_e8_m16_r1.stdout.log
wpfe,1/8,16,1,0,15,234,234,764,512,511,59,515,12,validation,0.874,0.874,ms,internal_arithmetic_mean,reported,,"ctxtCheck(B), batched client proofs",wpfe_e8_m16_r1.stdout.log
wpfe,1/8,16,1,0,15,234,234,764,512,511,59,515,12,validation_per_item,0.055,0.055,ms/item,internal_arithmetic_mean,reported,16,"ctxtCheck(B), batched client proofs",wpfe_e8_m16_r1.stdout.log
wpfe,1/8,16,1,0,15,234,234,764,512,511,59,515,12,predec_selected,2.301,2.301,ms,internal_arithmetic_mean,reported,,"PreDec(B), all selected parties",wpfe_e8_m16_r1.stdout.log
wpfe,1/8,16,1,0,15,234,234,764,512,511,59,515,12,predec_selected_per_item,0.039,0.039,ms/item,internal_arithmetic_mean,reported,59,"PreDec(B), all selected parties",wpfe_e8_m16_r1.stdout.log
wpfe,1/8,16,1,0,15,234,234,764,512,511,59,515,12,acceptance,9.797,9.797,ms,internal_arithmetic_mean,reported,,batched response acceptance,wpfe_e8_m16_r1.stdout.log
wpfe,1/8,16,1,0,15,234,234,764,512,511,59,515,12,acceptance_per_item,0.166,0.166,ms/item,internal_arithmetic_mean,reported,59,batched response acceptance,wpfe_e8_m16_r1.stdout.log
wpfe,1/8,16,1,0,15,234,234,764,512,511,59,515,12,preparation,88.712,88.712,ms,internal_arithmetic_mean,reported,,committee interpolation / G2 MSMs,wpfe_e8_m16_r1.stdout.log
wpfe,1/8,16,1,0,15,234,234,764,512,511,59,515,12,preparation_per_item,5.545,5.545,ms/item,internal_arithmetic_mean,reported,16,committee interpolation / G2 MSMs,wpfe_e8_m16_r1.stdout.log
wpfe,1/8,16,1,0,15,234,234,764,512,511,59,515,12,precompute,3.338,3.338,ms,internal_arithmetic_mean,reported,,ciphertext-dependent Cauchy precompute,wpfe_e8_m16_r1.stdout.log
wpfe,1/8,16,1,0,15,234,234,764,512,511,59,515,12,precompute_per_item,0.209,0.209,ms/item,internal_arithmetic_mean,reported,16,ciphertext-dependent Cauchy precompute,wpfe_e8_m16_r1.stdout.log
wpfe,1/8,16,1,0,15,234,234,764,512,511,59,515,12,opening,14.91,14.91,ms,internal_arithmetic_mean,reported,,weighted opening / unmask,wpfe_e8_m16_r1.stdout.log
wpfe,1/8,16,1,0,15,234,234,764,512,511,59,515,12,opening_per_item,0.932,0.932,ms/item,internal_arithmetic_mean,reported,16,weighted opening / unmask,wpfe_e8_m16_r1.stdout.log
wpfe,1/8,16,1,0,15,234,234,764,512,511,59,515,12,cold_with_validation,119.932,119.932,ms,internal_arithmetic_mean,reported,,full cold-committee path incl checks,wpfe_e8_m16_r1.stdout.log
wpfe,1/8,16,1,0,15,234,234,764,512,511,59,515,12,cached_with_validation,31.22,31.22,ms,internal_arithmetic_mean,reported,,full cached-committee path incl checks,wpfe_e8_m16_r1.stdout.log
wpfe,1/8,16,1,0,15,234,234,764,512,511,59,515,12,dec_open,18.248,18.248,ms,internal_arithmetic_mean,sum_of_rounded_phase_means,,,wpfe_e8_m16_r1.stdout.log
wpfe,1/8,16,1,0,15,234,234,764,512,511,59,515,12,dec_total_without_validation,119.058,119.058,ms,internal_arithmetic_mean,sum_of_rounded_phase_means,,,wpfe_e8_m16_r1.stdout.log
wpfe,1/8,16,1,0,15,234,234,764,512,511,59,515,12,dec_cached_without_validation,30.346000000000004,30.346000000000004,ms,internal_arithmetic_mean,sum_of_rounded_phase_means,,,wpfe_e8_m16_r1.stdout.log
wpfe,1/8,16,1,0,1,234,234,764,512,511,59,515,12,key_core_bytes,2347104,,bytes,single_observation,reported,,core D1/D2/global material,wpfe_e8_m16_r1.stdout.log
wpfe,1/8,16,1,0,1,234,234,764,512,511,59,515,12,key_verification_bytes,359424,,bytes,single_observation,reported,,party verification keys,wpfe_e8_m16_r1.stdout.log
wpfe,1/8,16,1,0,1,234,234,764,512,511,59,515,12,key_decryption_total_bytes,2706528,,bytes,single_observation,reported,,public decryption key,wpfe_e8_m16_r1.stdout.log
wpfe,1/16,16,1,0,1,419,419,1580,1060,1059,76,1062,12,setup,567.887,567.887,ms,single_observation,reported,,trusted weighted key generation,wpfe_e16_m16_r1.stdout.log
wpfe,1/16,16,1,0,1,419,419,1580,1060,1059,76,1062,12,encryption,1.258,1.258,ms,single_observation,reported,,encrypt batch,wpfe_e16_m16_r1.stdout.log
wpfe,1/16,16,1,0,1,419,419,1580,1060,1059,76,1062,12,encryption_per_item,0.079,0.079,ms/item,single_observation,reported,16,encrypt batch,wpfe_e16_m16_r1.stdout.log
wpfe,1/16,16,1,0,1,419,419,1580,1060,1059,76,1062,12,fixed_kernel,0.012,0.012,ms,single_observation,reported,,fixed Cauchy FFT kernel,wpfe_e16_m16_r1.stdout.log
wpfe,1/16,16,1,0,15,419,419,1580,1060,1059,76,1062,12,validation,0.869,0.869,ms,internal_arithmetic_mean,reported,,"ctxtCheck(B), batched client proofs",wpfe_e16_m16_r1.stdout.log
wpfe,1/16,16,1,0,15,419,419,1580,1060,1059,76,1062,12,validation_per_item,0.054,0.054,ms/item,internal_arithmetic_mean,reported,16,"ctxtCheck(B), batched client proofs",wpfe_e16_m16_r1.stdout.log
wpfe,1/16,16,1,0,15,419,419,1580,1060,1059,76,1062,12,predec_selected,3.154,3.154,ms,internal_arithmetic_mean,reported,,"PreDec(B), all selected parties",wpfe_e16_m16_r1.stdout.log
wpfe,1/16,16,1,0,15,419,419,1580,1060,1059,76,1062,12,predec_selected_per_item,0.042,0.042,ms/item,internal_arithmetic_mean,reported,76,"PreDec(B), all selected parties",wpfe_e16_m16_r1.stdout.log
wpfe,1/16,16,1,0,15,419,419,1580,1060,1059,76,1062,12,acceptance,11.093,11.093,ms,internal_arithmetic_mean,reported,,batched response acceptance,wpfe_e16_m16_r1.stdout.log
wpfe,1/16,16,1,0,15,419,419,1580,1060,1059,76,1062,12,acceptance_per_item,0.146,0.146,ms/item,internal_arithmetic_mean,reported,76,batched response acceptance,wpfe_e16_m16_r1.stdout.log
wpfe,1/16,16,1,0,15,419,419,1580,1060,1059,76,1062,12,preparation,162.572,162.572,ms,internal_arithmetic_mean,reported,,committee interpolation / G2 MSMs,wpfe_e16_m16_r1.stdout.log
wpfe,1/16,16,1,0,15,419,419,1580,1060,1059,76,1062,12,preparation_per_item,10.161,10.161,ms/item,internal_arithmetic_mean,reported,16,committee interpolation / G2 MSMs,wpfe_e16_m16_r1.stdout.log
wpfe,1/16,16,1,0,15,419,419,1580,1060,1059,76,1062,12,precompute,3.346,3.346,ms,internal_arithmetic_mean,reported,,ciphertext-dependent Cauchy precompute,wpfe_e16_m16_r1.stdout.log
wpfe,1/16,16,1,0,15,419,419,1580,1060,1059,76,1062,12,precompute_per_item,0.209,0.209,ms/item,internal_arithmetic_mean,reported,16,ciphertext-dependent Cauchy precompute,wpfe_e16_m16_r1.stdout.log
wpfe,1/16,16,1,0,15,419,419,1580,1060,1059,76,1062,12,opening,18.882,18.882,ms,internal_arithmetic_mean,reported,,weighted opening / unmask,wpfe_e16_m16_r1.stdout.log
wpfe,1/16,16,1,0,15,419,419,1580,1060,1059,76,1062,12,opening_per_item,1.18,1.18,ms/item,internal_arithmetic_mean,reported,16,weighted opening / unmask,wpfe_e16_m16_r1.stdout.log
wpfe,1/16,16,1,0,15,419,419,1580,1060,1059,76,1062,12,cold_with_validation,199.916,199.916,ms,internal_arithmetic_mean,reported,,full cold-committee path incl checks,wpfe_e16_m16_r1.stdout.log
wpfe,1/16,16,1,0,15,419,419,1580,1060,1059,76,1062,12,cached_with_validation,37.344,37.344,ms,internal_arithmetic_mean,reported,,full cached-committee path incl checks,wpfe_e16_m16_r1.stdout.log
wpfe,1/16,16,1,0,15,419,419,1580,1060,1059,76,1062,12,dec_open,22.228,22.228,ms,internal_arithmetic_mean,sum_of_rounded_phase_means,,,wpfe_e16_m16_r1.stdout.log
wpfe,1/16,16,1,0,15,419,419,1580,1060,1059,76,1062,12,dec_total_without_validation,199.047,199.047,ms,internal_arithmetic_mean,sum_of_rounded_phase_means,,,wpfe_e16_m16_r1.stdout.log
wpfe,1/16,16,1,0,15,419,419,1580,1060,1059,76,1062,12,dec_cached_without_validation,36.474999999999994,36.474999999999994,ms,internal_arithmetic_mean,sum_of_rounded_phase_means,,,wpfe_e16_m16_r1.stdout.log
wpfe,1/16,16,1,0,1,419,419,1580,1060,1059,76,1062,12,key_core_bytes,4853856,,bytes,single_observation,reported,,core D1/D2/global material,wpfe_e16_m16_r1.stdout.log
wpfe,1/16,16,1,0,1,419,419,1580,1060,1059,76,1062,12,key_verification_bytes,643584,,bytes,single_observation,reported,,party verification keys,wpfe_e16_m16_r1.stdout.log
wpfe,1/16,16,1,0,1,419,419,1580,1060,1059,76,1062,12,key_decryption_total_bytes,5497440,,bytes,single_observation,reported,,public decryption key,wpfe_e16_m16_r1.stdout.log
wpfe,1/32,16,1,0,1,598,598,3063,2044,2043,79,2046,12,setup,1100.933,1100.933,ms,single_observation,reported,,trusted weighted key generation,wpfe_e32_m16_r1.stdout.log
wpfe,1/32,16,1,0,1,598,598,3063,2044,2043,79,2046,12,encryption,1.145,1.145,ms,single_observation,reported,,encrypt batch,wpfe_e32_m16_r1.stdout.log
wpfe,1/32,16,1,0,1,598,598,3063,2044,2043,79,2046,12,encryption_per_item,0.072,0.072,ms/item,single_observation,reported,16,encrypt batch,wpfe_e32_m16_r1.stdout.log
wpfe,1/32,16,1,0,1,598,598,3063,2044,2043,79,2046,12,fixed_kernel,0.012,0.012,ms,single_observation,reported,,fixed Cauchy FFT kernel,wpfe_e32_m16_r1.stdout.log
wpfe,1/32,16,1,0,15,598,598,3063,2044,2043,79,2046,12,validation,0.865,0.865,ms,internal_arithmetic_mean,reported,,"ctxtCheck(B), batched client proofs",wpfe_e32_m16_r1.stdout.log
wpfe,1/32,16,1,0,15,598,598,3063,2044,2043,79,2046,12,validation_per_item,0.054,0.054,ms/item,internal_arithmetic_mean,reported,16,"ctxtCheck(B), batched client proofs",wpfe_e32_m16_r1.stdout.log
wpfe,1/32,16,1,0,15,598,598,3063,2044,2043,79,2046,12,predec_selected,3.211,3.211,ms,internal_arithmetic_mean,reported,,"PreDec(B), all selected parties",wpfe_e32_m16_r1.stdout.log
wpfe,1/32,16,1,0,15,598,598,3063,2044,2043,79,2046,12,predec_selected_per_item,0.041,0.041,ms/item,internal_arithmetic_mean,reported,79,"PreDec(B), all selected parties",wpfe_e32_m16_r1.stdout.log
wpfe,1/32,16,1,0,15,598,598,3063,2044,2043,79,2046,12,acceptance,11.31,11.31,ms,internal_arithmetic_mean,reported,,batched response acceptance,wpfe_e32_m16_r1.stdout.log
wpfe,1/32,16,1,0,15,598,598,3063,2044,2043,79,2046,12,acceptance_per_item,0.143,0.143,ms/item,internal_arithmetic_mean,reported,79,batched response acceptance,wpfe_e32_m16_r1.stdout.log
wpfe,1/32,16,1,0,15,598,598,3063,2044,2043,79,2046,12,preparation,273.894,273.894,ms,internal_arithmetic_mean,reported,,committee interpolation / G2 MSMs,wpfe_e32_m16_r1.stdout.log
wpfe,1/32,16,1,0,15,598,598,3063,2044,2043,79,2046,12,preparation_per_item,17.118,17.118,ms/item,internal_arithmetic_mean,reported,16,committee interpolation / G2 MSMs,wpfe_e32_m16_r1.stdout.log
wpfe,1/32,16,1,0,15,598,598,3063,2044,2043,79,2046,12,precompute,3.339,3.339,ms,internal_arithmetic_mean,reported,,ciphertext-dependent Cauchy precompute,wpfe_e32_m16_r1.stdout.log
wpfe,1/32,16,1,0,15,598,598,3063,2044,2043,79,2046,12,precompute_per_item,0.209,0.209,ms/item,internal_arithmetic_mean,reported,16,ciphertext-dependent Cauchy precompute,wpfe_e32_m16_r1.stdout.log
wpfe,1/32,16,1,0,15,598,598,3063,2044,2043,79,2046,12,opening,19.479,19.479,ms,internal_arithmetic_mean,reported,,weighted opening / unmask,wpfe_e32_m16_r1.stdout.log
wpfe,1/32,16,1,0,15,598,598,3063,2044,2043,79,2046,12,opening_per_item,1.217,1.217,ms/item,internal_arithmetic_mean,reported,16,weighted opening / unmask,wpfe_e32_m16_r1.stdout.log
wpfe,1/32,16,1,0,15,598,598,3063,2044,2043,79,2046,12,cold_with_validation,312.097,312.097,ms,internal_arithmetic_mean,reported,,full cold-committee path incl checks,wpfe_e32_m16_r1.stdout.log
wpfe,1/32,16,1,0,15,598,598,3063,2044,2043,79,2046,12,cached_with_validation,38.204,38.204,ms,internal_arithmetic_mean,reported,,full cached-committee path incl checks,wpfe_e32_m16_r1.stdout.log
wpfe,1/32,16,1,0,15,598,598,3063,2044,2043,79,2046,12,dec_open,22.817999999999998,22.817999999999998,ms,internal_arithmetic_mean,sum_of_rounded_phase_means,,,wpfe_e32_m16_r1.stdout.log
wpfe,1/32,16,1,0,15,598,598,3063,2044,2043,79,2046,12,dec_total_without_validation,311.233,311.233,ms,internal_arithmetic_mean,sum_of_rounded_phase_means,,,wpfe_e32_m16_r1.stdout.log
wpfe,1/32,16,1,0,15,598,598,3063,2044,2043,79,2046,12,dec_cached_without_validation,37.339,37.339,ms,internal_arithmetic_mean,sum_of_rounded_phase_means,,,wpfe_e32_m16_r1.stdout.log
wpfe,1/32,16,1,0,1,598,598,3063,2044,2043,79,2046,12,key_core_bytes,9409632,,bytes,single_observation,reported,,core D1/D2/global material,wpfe_e32_m16_r1.stdout.log
wpfe,1/32,16,1,0,1,598,598,3063,2044,2043,79,2046,12,key_verification_bytes,918528,,bytes,single_observation,reported,,party verification keys,wpfe_e32_m16_r1.stdout.log
wpfe,1/32,16,1,0,1,598,598,3063,2044,2043,79,2046,12,key_decryption_total_bytes,10328160,,bytes,single_observation,reported,,public decryption key,wpfe_e32_m16_r1.stdout.log
wpfe,1/64,16,1,0,1,688,688,6489,4327,4326,79,4333,12,setup,2172.006,2172.006,ms,single_observation,reported,,trusted weighted key generation,wpfe_e64_m16_r1.stdout.log
wpfe,1/64,16,1,0,1,688,688,6489,4327,4326,79,4333,12,encryption,1.428,1.428,ms,single_observation,reported,,encrypt batch,wpfe_e64_m16_r1.stdout.log
wpfe,1/64,16,1,0,1,688,688,6489,4327,4326,79,4333,12,encryption_per_item,0.089,0.089,ms/item,single_observation,reported,16,encrypt batch,wpfe_e64_m16_r1.stdout.log
wpfe,1/64,16,1,0,1,688,688,6489,4327,4326,79,4333,12,fixed_kernel,0.012,0.012,ms,single_observation,reported,,fixed Cauchy FFT kernel,wpfe_e64_m16_r1.stdout.log
wpfe,1/64,16,1,0,15,688,688,6489,4327,4326,79,4333,12,validation,0.87,0.87,ms,internal_arithmetic_mean,reported,,"ctxtCheck(B), batched client proofs",wpfe_e64_m16_r1.stdout.log
wpfe,1/64,16,1,0,15,688,688,6489,4327,4326,79,4333,12,validation_per_item,0.054,0.054,ms/item,internal_arithmetic_mean,reported,16,"ctxtCheck(B), batched client proofs",wpfe_e64_m16_r1.stdout.log
wpfe,1/64,16,1,0,15,688,688,6489,4327,4326,79,4333,12,predec_selected,3.322,3.322,ms,internal_arithmetic_mean,reported,,"PreDec(B), all selected parties",wpfe_e64_m16_r1.stdout.log
wpfe,1/64,16,1,0,15,688,688,6489,4327,4326,79,4333,12,predec_selected_per_item,0.042,0.042,ms/item,internal_arithmetic_mean,reported,79,"PreDec(B), all selected parties",wpfe_e64_m16_r1.stdout.log
wpfe,1/64,16,1,0,15,688,688,6489,4327,4326,79,4333,12,acceptance,11.329,11.329,ms,internal_arithmetic_mean,reported,,batched response acceptance,wpfe_e64_m16_r1.stdout.log
wpfe,1/64,16,1,0,15,688,688,6489,4327,4326,79,4333,12,acceptance_per_item,0.143,0.143,ms/item,internal_arithmetic_mean,reported,79,batched response acceptance,wpfe_e64_m16_r1.stdout.log
wpfe,1/64,16,1,0,15,688,688,6489,4327,4326,79,4333,12,preparation,507.232,507.232,ms,internal_arithmetic_mean,reported,,committee interpolation / G2 MSMs,wpfe_e64_m16_r1.stdout.log
wpfe,1/64,16,1,0,15,688,688,6489,4327,4326,79,4333,12,preparation_per_item,31.702,31.702,ms/item,internal_arithmetic_mean,reported,16,committee interpolation / G2 MSMs,wpfe_e64_m16_r1.stdout.log
wpfe,1/64,16,1,0,15,688,688,6489,4327,4326,79,4333,12,precompute,3.336,3.336,ms,internal_arithmetic_mean,reported,,ciphertext-dependent Cauchy precompute,wpfe_e64_m16_r1.stdout.log
wpfe,1/64,16,1,0,15,688,688,6489,4327,4326,79,4333,12,precompute_per_item,0.208,0.208,ms/item,internal_arithmetic_mean,reported,16,ciphertext-dependent Cauchy precompute,wpfe_e64_m16_r1.stdout.log
wpfe,1/64,16,1,0,15,688,688,6489,4327,4326,79,4333,12,opening,19.485,19.485,ms,internal_arithmetic_mean,reported,,weighted opening / unmask,wpfe_e64_m16_r1.stdout.log
wpfe,1/64,16,1,0,15,688,688,6489,4327,4326,79,4333,12,opening_per_item,1.218,1.218,ms/item,internal_arithmetic_mean,reported,16,weighted opening / unmask,wpfe_e64_m16_r1.stdout.log
wpfe,1/64,16,1,0,15,688,688,6489,4327,4326,79,4333,12,cold_with_validation,545.574,545.574,ms,internal_arithmetic_mean,reported,,full cold-committee path incl checks,wpfe_e64_m16_r1.stdout.log
wpfe,1/64,16,1,0,15,688,688,6489,4327,4326,79,4333,12,cached_with_validation,38.342,38.342,ms,internal_arithmetic_mean,reported,,full cached-committee path incl checks,wpfe_e64_m16_r1.stdout.log
wpfe,1/64,16,1,0,15,688,688,6489,4327,4326,79,4333,12,dec_open,22.820999999999998,22.820999999999998,ms,internal_arithmetic_mean,sum_of_rounded_phase_means,,,wpfe_e64_m16_r1.stdout.log
wpfe,1/64,16,1,0,15,688,688,6489,4327,4326,79,4333,12,dec_total_without_validation,544.7040000000001,544.7040000000001,ms,internal_arithmetic_mean,sum_of_rounded_phase_means,,,wpfe_e64_m16_r1.stdout.log
wpfe,1/64,16,1,0,15,688,688,6489,4327,4326,79,4333,12,dec_cached_without_validation,37.47200000000004,37.47200000000004,ms,internal_arithmetic_mean,sum_of_rounded_phase_means,,,wpfe_e64_m16_r1.stdout.log
wpfe,1/64,16,1,0,1,688,688,6489,4327,4326,79,4333,12,key_core_bytes,19934304,,bytes,single_observation,reported,,core D1/D2/global material,wpfe_e64_m16_r1.stdout.log
wpfe,1/64,16,1,0,1,688,688,6489,4327,4326,79,4333,12,key_verification_bytes,1056768,,bytes,single_observation,reported,,party verification keys,wpfe_e64_m16_r1.stdout.log
wpfe,1/64,16,1,0,1,688,688,6489,4327,4326,79,4333,12,key_decryption_total_bytes,20991072,,bytes,single_observation,reported,,public decryption key,wpfe_e64_m16_r1.stdout.log
wpfe,1/16,32,1,0,1,419,419,1580,1060,1059,76,1062,12,setup,1171.166,1171.166,ms,single_observation,reported,,trusted weighted key generation,wpfe_e16_m32_r1.stdout.log
wpfe,1/16,32,1,0,1,419,419,1580,1060,1059,76,1062,12,encryption,1.658,1.658,ms,single_observation,reported,,encrypt batch,wpfe_e16_m32_r1.stdout.log
wpfe,1/16,32,1,0,1,419,419,1580,1060,1059,76,1062,12,encryption_per_item,0.052,0.052,ms/item,single_observation,reported,32,encrypt batch,wpfe_e16_m32_r1.stdout.log
wpfe,1/16,32,1,0,1,419,419,1580,1060,1059,76,1062,12,fixed_kernel,0.013,0.013,ms,single_observation,reported,,fixed Cauchy FFT kernel,wpfe_e16_m32_r1.stdout.log
wpfe,1/16,32,1,0,15,419,419,1580,1060,1059,76,1062,12,validation,1.45,1.45,ms,internal_arithmetic_mean,reported,,"ctxtCheck(B), batched client proofs",wpfe_e16_m32_r1.stdout.log
wpfe,1/16,32,1,0,15,419,419,1580,1060,1059,76,1062,12,validation_per_item,0.045,0.045,ms/item,internal_arithmetic_mean,reported,32,"ctxtCheck(B), batched client proofs",wpfe_e16_m32_r1.stdout.log
wpfe,1/16,32,1,0,15,419,419,1580,1060,1059,76,1062,12,predec_selected,4.979,4.979,ms,internal_arithmetic_mean,reported,,"PreDec(B), all selected parties",wpfe_e16_m32_r1.stdout.log
wpfe,1/16,32,1,0,15,419,419,1580,1060,1059,76,1062,12,predec_selected_per_item,0.066,0.066,ms/item,internal_arithmetic_mean,reported,76,"PreDec(B), all selected parties",wpfe_e16_m32_r1.stdout.log
wpfe,1/16,32,1,0,15,419,419,1580,1060,1059,76,1062,12,acceptance,16.783,16.783,ms,internal_arithmetic_mean,reported,,batched response acceptance,wpfe_e16_m32_r1.stdout.log
wpfe,1/16,32,1,0,15,419,419,1580,1060,1059,76,1062,12,acceptance_per_item,0.221,0.221,ms/item,internal_arithmetic_mean,reported,76,batched response acceptance,wpfe_e16_m32_r1.stdout.log
wpfe,1/16,32,1,0,15,419,419,1580,1060,1059,76,1062,12,preparation,286.049,286.049,ms,internal_arithmetic_mean,reported,,committee interpolation / G2 MSMs,wpfe_e16_m32_r1.stdout.log
wpfe,1/16,32,1,0,15,419,419,1580,1060,1059,76,1062,12,preparation_per_item,8.939,8.939,ms/item,internal_arithmetic_mean,reported,32,committee interpolation / G2 MSMs,wpfe_e16_m32_r1.stdout.log
wpfe,1/16,32,1,0,15,419,419,1580,1060,1059,76,1062,12,precompute,9.966,9.966,ms,internal_arithmetic_mean,reported,,ciphertext-dependent Cauchy precompute,wpfe_e16_m32_r1.stdout.log
wpfe,1/16,32,1,0,15,419,419,1580,1060,1059,76,1062,12,precompute_per_item,0.311,0.311,ms/item,internal_arithmetic_mean,reported,32,ciphertext-dependent Cauchy precompute,wpfe_e16_m32_r1.stdout.log
wpfe,1/16,32,1,0,15,419,419,1580,1060,1059,76,1062,12,opening,28.551,28.551,ms,internal_arithmetic_mean,reported,,weighted opening / unmask,wpfe_e16_m32_r1.stdout.log
wpfe,1/16,32,1,0,15,419,419,1580,1060,1059,76,1062,12,opening_per_item,0.892,0.892,ms/item,internal_arithmetic_mean,reported,32,weighted opening / unmask,wpfe_e16_m32_r1.stdout.log
wpfe,1/16,32,1,0,15,419,419,1580,1060,1059,76,1062,12,cold_with_validation,347.777,347.777,ms,internal_arithmetic_mean,reported,,full cold-committee path incl checks,wpfe_e16_m32_r1.stdout.log
wpfe,1/16,32,1,0,15,419,419,1580,1060,1059,76,1062,12,cached_with_validation,61.728,61.728,ms,internal_arithmetic_mean,reported,,full cached-committee path incl checks,wpfe_e16_m32_r1.stdout.log
wpfe,1/16,32,1,0,15,419,419,1580,1060,1059,76,1062,12,dec_open,38.516999999999996,38.516999999999996,ms,internal_arithmetic_mean,sum_of_rounded_phase_means,,,wpfe_e16_m32_r1.stdout.log
wpfe,1/16,32,1,0,15,419,419,1580,1060,1059,76,1062,12,dec_total_without_validation,346.328,346.328,ms,internal_arithmetic_mean,sum_of_rounded_phase_means,,,wpfe_e16_m32_r1.stdout.log
wpfe,1/16,32,1,0,15,419,419,1580,1060,1059,76,1062,12,dec_cached_without_validation,60.278999999999996,60.278999999999996,ms,internal_arithmetic_mean,sum_of_rounded_phase_means,,,wpfe_e16_m32_r1.stdout.log
wpfe,1/16,32,1,0,1,419,419,1580,1060,1059,76,1062,12,key_core_bytes,9707616,,bytes,single_observation,reported,,core D1/D2/global material,wpfe_e16_m32_r1.stdout.log
wpfe,1/16,32,1,0,1,419,419,1580,1060,1059,76,1062,12,key_verification_bytes,1287168,,bytes,single_observation,reported,,party verification keys,wpfe_e16_m32_r1.stdout.log
wpfe,1/16,32,1,0,1,419,419,1580,1060,1059,76,1062,12,key_decryption_total_bytes,10994784,,bytes,single_observation,reported,,public decryption key,wpfe_e16_m32_r1.stdout.log
wpfe,1/16,64,1,0,1,419,419,1580,1060,1059,76,1062,12,setup,2276.499,2276.499,ms,single_observation,reported,,trusted weighted key generation,wpfe_e16_m64_r1.stdout.log
wpfe,1/16,64,1,0,1,419,419,1580,1060,1059,76,1062,12,encryption,3.187,3.187,ms,single_observation,reported,,encrypt batch,wpfe_e16_m64_r1.stdout.log
wpfe,1/16,64,1,0,1,419,419,1580,1060,1059,76,1062,12,encryption_per_item,0.05,0.05,ms/item,single_observation,reported,64,encrypt batch,wpfe_e16_m64_r1.stdout.log
wpfe,1/16,64,1,0,1,419,419,1580,1060,1059,76,1062,12,fixed_kernel,0.013,0.013,ms,single_observation,reported,,fixed Cauchy FFT kernel,wpfe_e16_m64_r1.stdout.log
wpfe,1/16,64,1,0,15,419,419,1580,1060,1059,76,1062,12,validation,2.465,2.465,ms,internal_arithmetic_mean,reported,,"ctxtCheck(B), batched client proofs",wpfe_e16_m64_r1.stdout.log
wpfe,1/16,64,1,0,15,419,419,1580,1060,1059,76,1062,12,validation_per_item,0.039,0.039,ms/item,internal_arithmetic_mean,reported,64,"ctxtCheck(B), batched client proofs",wpfe_e16_m64_r1.stdout.log
wpfe,1/16,64,1,0,15,419,419,1580,1060,1059,76,1062,12,predec_selected,8.121,8.121,ms,internal_arithmetic_mean,reported,,"PreDec(B), all selected parties",wpfe_e16_m64_r1.stdout.log
wpfe,1/16,64,1,0,15,419,419,1580,1060,1059,76,1062,12,predec_selected_per_item,0.107,0.107,ms/item,internal_arithmetic_mean,reported,76,"PreDec(B), all selected parties",wpfe_e16_m64_r1.stdout.log
wpfe,1/16,64,1,0,15,419,419,1580,1060,1059,76,1062,12,acceptance,31.714,31.714,ms,internal_arithmetic_mean,reported,,batched response acceptance,wpfe_e16_m64_r1.stdout.log
wpfe,1/16,64,1,0,15,419,419,1580,1060,1059,76,1062,12,acceptance_per_item,0.417,0.417,ms/item,internal_arithmetic_mean,reported,76,batched response acceptance,wpfe_e16_m64_r1.stdout.log
wpfe,1/16,64,1,0,15,419,419,1580,1060,1059,76,1062,12,preparation,577.094,577.094,ms,internal_arithmetic_mean,reported,,committee interpolation / G2 MSMs,wpfe_e16_m64_r1.stdout.log
wpfe,1/16,64,1,0,15,419,419,1580,1060,1059,76,1062,12,preparation_per_item,9.017,9.017,ms/item,internal_arithmetic_mean,reported,64,committee interpolation / G2 MSMs,wpfe_e16_m64_r1.stdout.log
wpfe,1/16,64,1,0,15,419,419,1580,1060,1059,76,1062,12,precompute,26.89,26.89,ms,internal_arithmetic_mean,reported,,ciphertext-dependent Cauchy precompute,wpfe_e16_m64_r1.stdout.log
wpfe,1/16,64,1,0,15,419,419,1580,1060,1059,76,1062,12,precompute_per_item,0.42,0.42,ms/item,internal_arithmetic_mean,reported,64,ciphertext-dependent Cauchy precompute,wpfe_e16_m64_r1.stdout.log
wpfe,1/16,64,1,0,15,419,419,1580,1060,1059,76,1062,12,opening,58.29,58.29,ms,internal_arithmetic_mean,reported,,weighted opening / unmask,wpfe_e16_m64_r1.stdout.log
wpfe,1/16,64,1,0,15,419,419,1580,1060,1059,76,1062,12,opening_per_item,0.911,0.911,ms/item,internal_arithmetic_mean,reported,64,weighted opening / unmask,wpfe_e16_m64_r1.stdout.log
wpfe,1/16,64,1,0,15,419,419,1580,1060,1059,76,1062,12,cold_with_validation,704.575,704.575,ms,internal_arithmetic_mean,reported,,full cold-committee path incl checks,wpfe_e16_m64_r1.stdout.log
wpfe,1/16,64,1,0,15,419,419,1580,1060,1059,76,1062,12,cached_with_validation,127.48,127.48,ms,internal_arithmetic_mean,reported,,full cached-committee path incl checks,wpfe_e16_m64_r1.stdout.log
wpfe,1/16,64,1,0,15,419,419,1580,1060,1059,76,1062,12,dec_open,85.18,85.18,ms,internal_arithmetic_mean,sum_of_rounded_phase_means,,,wpfe_e16_m64_r1.stdout.log
wpfe,1/16,64,1,0,15,419,419,1580,1060,1059,76,1062,12,dec_total_without_validation,702.109,702.109,ms,internal_arithmetic_mean,sum_of_rounded_phase_means,,,wpfe_e16_m64_r1.stdout.log
wpfe,1/16,64,1,0,15,419,419,1580,1060,1059,76,1062,12,dec_cached_without_validation,125.01499999999999,125.01499999999999,ms,internal_arithmetic_mean,sum_of_rounded_phase_means,,,wpfe_e16_m64_r1.stdout.log
wpfe,1/16,64,1,0,1,419,419,1580,1060,1059,76,1062,12,key_core_bytes,19415136,,bytes,single_observation,reported,,core D1/D2/global material,wpfe_e16_m64_r1.stdout.log
wpfe,1/16,64,1,0,1,419,419,1580,1060,1059,76,1062,12,key_verification_bytes,2574336,,bytes,single_observation,reported,,party verification keys,wpfe_e16_m64_r1.stdout.log
wpfe,1/16,64,1,0,1,419,419,1580,1060,1059,76,1062,12,key_decryption_total_bytes,21989472,,bytes,single_observation,reported,,public decryption key,wpfe_e16_m64_r1.stdout.log
wpfe,1/16,128,1,0,1,419,419,1580,1060,1059,76,1062,12,setup,4540.268,4540.268,ms,single_observation,reported,,trusted weighted key generation,wpfe_e16_m128_r1.stdout.log
wpfe,1/16,128,1,0,1,419,419,1580,1060,1059,76,1062,12,encryption,6.341,6.341,ms,single_observation,reported,,encrypt batch,wpfe_e16_m128_r1.stdout.log
wpfe,1/16,128,1,0,1,419,419,1580,1060,1059,76,1062,12,encryption_per_item,0.05,0.05,ms/item,single_observation,reported,128,encrypt batch,wpfe_e16_m128_r1.stdout.log
wpfe,1/16,128,1,0,1,419,419,1580,1060,1059,76,1062,12,fixed_kernel,0.013,0.013,ms,single_observation,reported,,fixed Cauchy FFT kernel,wpfe_e16_m128_r1.stdout.log
wpfe,1/16,128,1,0,15,419,419,1580,1060,1059,76,1062,12,validation,4.326,4.326,ms,internal_arithmetic_mean,reported,,"ctxtCheck(B), batched client proofs",wpfe_e16_m128_r1.stdout.log
wpfe,1/16,128,1,0,15,419,419,1580,1060,1059,76,1062,12,validation_per_item,0.034,0.034,ms/item,internal_arithmetic_mean,reported,128,"ctxtCheck(B), batched client proofs",wpfe_e16_m128_r1.stdout.log
wpfe,1/16,128,1,0,15,419,419,1580,1060,1059,76,1062,12,predec_selected,13.24,13.24,ms,internal_arithmetic_mean,reported,,"PreDec(B), all selected parties",wpfe_e16_m128_r1.stdout.log
wpfe,1/16,128,1,0,15,419,419,1580,1060,1059,76,1062,12,predec_selected_per_item,0.174,0.174,ms/item,internal_arithmetic_mean,reported,76,"PreDec(B), all selected parties",wpfe_e16_m128_r1.stdout.log
wpfe,1/16,128,1,0,15,419,419,1580,1060,1059,76,1062,12,acceptance,57.919,57.919,ms,internal_arithmetic_mean,reported,,batched response acceptance,wpfe_e16_m128_r1.stdout.log
wpfe,1/16,128,1,0,15,419,419,1580,1060,1059,76,1062,12,acceptance_per_item,0.762,0.762,ms/item,internal_arithmetic_mean,reported,76,batched response acceptance,wpfe_e16_m128_r1.stdout.log
wpfe,1/16,128,1,0,15,419,419,1580,1060,1059,76,1062,12,preparation,1097.838,1097.838,ms,internal_arithmetic_mean,reported,,committee interpolation / G2 MSMs,wpfe_e16_m128_r1.stdout.log
wpfe,1/16,128,1,0,15,419,419,1580,1060,1059,76,1062,12,preparation_per_item,8.577,8.577,ms/item,internal_arithmetic_mean,reported,128,committee interpolation / G2 MSMs,wpfe_e16_m128_r1.stdout.log
wpfe,1/16,128,1,0,15,419,419,1580,1060,1059,76,1062,12,precompute,68.414,68.414,ms,internal_arithmetic_mean,reported,,ciphertext-dependent Cauchy precompute,wpfe_e16_m128_r1.stdout.log
wpfe,1/16,128,1,0,15,419,419,1580,1060,1059,76,1062,12,precompute_per_item,0.534,0.534,ms/item,internal_arithmetic_mean,reported,128,ciphertext-dependent Cauchy precompute,wpfe_e16_m128_r1.stdout.log
wpfe,1/16,128,1,0,15,419,419,1580,1060,1059,76,1062,12,opening,107.495,107.495,ms,internal_arithmetic_mean,reported,,weighted opening / unmask,wpfe_e16_m128_r1.stdout.log
wpfe,1/16,128,1,0,15,419,419,1580,1060,1059,76,1062,12,opening_per_item,0.84,0.84,ms/item,internal_arithmetic_mean,reported,128,weighted opening / unmask,wpfe_e16_m128_r1.stdout.log
wpfe,1/16,128,1,0,15,419,419,1580,1060,1059,76,1062,12,cold_with_validation,1349.233,1349.233,ms,internal_arithmetic_mean,reported,,full cold-committee path incl checks,wpfe_e16_m128_r1.stdout.log
wpfe,1/16,128,1,0,15,419,419,1580,1060,1059,76,1062,12,cached_with_validation,251.395,251.395,ms,internal_arithmetic_mean,reported,,full cached-committee path incl checks,wpfe_e16_m128_r1.stdout.log
wpfe,1/16,128,1,0,15,419,419,1580,1060,1059,76,1062,12,dec_open,175.909,175.909,ms,internal_arithmetic_mean,sum_of_rounded_phase_means,,,wpfe_e16_m128_r1.stdout.log
wpfe,1/16,128,1,0,15,419,419,1580,1060,1059,76,1062,12,dec_total_without_validation,1344.906,1344.906,ms,internal_arithmetic_mean,sum_of_rounded_phase_means,,,wpfe_e16_m128_r1.stdout.log
wpfe,1/16,128,1,0,15,419,419,1580,1060,1059,76,1062,12,dec_cached_without_validation,247.06799999999998,247.06799999999998,ms,internal_arithmetic_mean,sum_of_rounded_phase_means,,,wpfe_e16_m128_r1.stdout.log
wpfe,1/16,128,1,0,1,419,419,1580,1060,1059,76,1062,12,key_core_bytes,38830176,,bytes,single_observation,reported,,core D1/D2/global material,wpfe_e16_m128_r1.stdout.log
wpfe,1/16,128,1,0,1,419,419,1580,1060,1059,76,1062,12,key_verification_bytes,5148672,,bytes,single_observation,reported,,party verification keys,wpfe_e16_m128_r1.stdout.log
wpfe,1/16,128,1,0,1,419,419,1580,1060,1059,76,1062,12,key_decryption_total_bytes,43978848,,bytes,single_observation,reported,,public decryption key,wpfe_e16_m128_r1.stdout.log
wpfe,1/16,256,1,0,1,419,419,1580,1060,1059,76,1062,12,setup,9069.54,9069.54,ms,single_observation,reported,,trusted weighted key generation,wpfe_e16_m256_r1.stdout.log
wpfe,1/16,256,1,0,1,419,419,1580,1060,1059,76,1062,12,encryption,11.915,11.915,ms,single_observation,reported,,encrypt batch,wpfe_e16_m256_r1.stdout.log
wpfe,1/16,256,1,0,1,419,419,1580,1060,1059,76,1062,12,encryption_per_item,0.047,0.047,ms/item,single_observation,reported,256,encrypt batch,wpfe_e16_m256_r1.stdout.log
wpfe,1/16,256,1,0,1,419,419,1580,1060,1059,76,1062,12,fixed_kernel,0.016,0.016,ms,single_observation,reported,,fixed Cauchy FFT kernel,wpfe_e16_m256_r1.stdout.log
wpfe,1/16,256,1,0,15,419,419,1580,1060,1059,76,1062,12,validation,7.732,7.732,ms,internal_arithmetic_mean,reported,,"ctxtCheck(B), batched client proofs",wpfe_e16_m256_r1.stdout.log
wpfe,1/16,256,1,0,15,419,419,1580,1060,1059,76,1062,12,validation_per_item,0.03,0.03,ms/item,internal_arithmetic_mean,reported,256,"ctxtCheck(B), batched client proofs",wpfe_e16_m256_r1.stdout.log
wpfe,1/16,256,1,0,15,419,419,1580,1060,1059,76,1062,12,predec_selected,22.484,22.484,ms,internal_arithmetic_mean,reported,,"PreDec(B), all selected parties",wpfe_e16_m256_r1.stdout.log
wpfe,1/16,256,1,0,15,419,419,1580,1060,1059,76,1062,12,predec_selected_per_item,0.296,0.296,ms/item,internal_arithmetic_mean,reported,76,"PreDec(B), all selected parties",wpfe_e16_m256_r1.stdout.log
wpfe,1/16,256,1,0,15,419,419,1580,1060,1059,76,1062,12,acceptance,115.213,115.213,ms,internal_arithmetic_mean,reported,,batched response acceptance,wpfe_e16_m256_r1.stdout.log
wpfe,1/16,256,1,0,15,419,419,1580,1060,1059,76,1062,12,acceptance_per_item,1.516,1.516,ms/item,internal_arithmetic_mean,reported,76,batched response acceptance,wpfe_e16_m256_r1.stdout.log
wpfe,1/16,256,1,0,15,419,419,1580,1060,1059,76,1062,12,preparation,2184.812,2184.812,ms,internal_arithmetic_mean,reported,,committee interpolation / G2 MSMs,wpfe_e16_m256_r1.stdout.log
wpfe,1/16,256,1,0,15,419,419,1580,1060,1059,76,1062,12,preparation_per_item,8.534,8.534,ms/item,internal_arithmetic_mean,reported,256,committee interpolation / G2 MSMs,wpfe_e16_m256_r1.stdout.log
wpfe,1/16,256,1,0,15,419,419,1580,1060,1059,76,1062,12,precompute,26.18,26.18,ms,internal_arithmetic_mean,reported,,ciphertext-dependent Cauchy precompute,wpfe_e16_m256_r1.stdout.log
wpfe,1/16,256,1,0,15,419,419,1580,1060,1059,76,1062,12,precompute_per_item,0.102,0.102,ms/item,internal_arithmetic_mean,reported,256,ciphertext-dependent Cauchy precompute,wpfe_e16_m256_r1.stdout.log
wpfe,1/16,256,1,0,15,419,419,1580,1060,1059,76,1062,12,opening,208.304,208.304,ms,internal_arithmetic_mean,reported,,weighted opening / unmask,wpfe_e16_m256_r1.stdout.log
wpfe,1/16,256,1,0,15,419,419,1580,1060,1059,76,1062,12,opening_per_item,0.814,0.814,ms/item,internal_arithmetic_mean,reported,256,weighted opening / unmask,wpfe_e16_m256_r1.stdout.log
wpfe,1/16,256,1,0,15,419,419,1580,1060,1059,76,1062,12,cold_with_validation,2564.725,2564.725,ms,internal_arithmetic_mean,reported,,full cold-committee path incl checks,wpfe_e16_m256_r1.stdout.log
wpfe,1/16,256,1,0,15,419,419,1580,1060,1059,76,1062,12,cached_with_validation,379.913,379.913,ms,internal_arithmetic_mean,reported,,full cached-committee path incl checks,wpfe_e16_m256_r1.stdout.log
wpfe,1/16,256,1,0,15,419,419,1580,1060,1059,76,1062,12,dec_open,234.484,234.484,ms,internal_arithmetic_mean,sum_of_rounded_phase_means,,,wpfe_e16_m256_r1.stdout.log
wpfe,1/16,256,1,0,15,419,419,1580,1060,1059,76,1062,12,dec_total_without_validation,2556.993,2556.993,ms,internal_arithmetic_mean,sum_of_rounded_phase_means,,,wpfe_e16_m256_r1.stdout.log
wpfe,1/16,256,1,0,15,419,419,1580,1060,1059,76,1062,12,dec_cached_without_validation,372.18100000000004,372.18100000000004,ms,internal_arithmetic_mean,sum_of_rounded_phase_means,,,wpfe_e16_m256_r1.stdout.log
wpfe,1/16,256,1,0,1,419,419,1580,1060,1059,76,1062,12,key_core_bytes,77660256,,bytes,single_observation,reported,,core D1/D2/global material,wpfe_e16_m256_r1.stdout.log
wpfe,1/16,256,1,0,1,419,419,1580,1060,1059,76,1062,12,key_verification_bytes,10297344,,bytes,single_observation,reported,,party verification keys,wpfe_e16_m256_r1.stdout.log
wpfe,1/16,256,1,0,1,419,419,1580,1060,1059,76,1062,12,key_decryption_total_bytes,87957600,,bytes,single_observation,reported,,public decryption key,wpfe_e16_m256_r1.stdout.log
wpfe,1/16,256,2,0,1,419,419,1580,1060,1059,76,1062,12,setup,9107.302,9107.302,ms,single_observation,reported,,trusted weighted key generation,wpfe_e16_m256_r2.stdout.log
wpfe,1/16,256,2,0,1,419,419,1580,1060,1059,76,1062,12,encryption,11.944,11.944,ms,single_observation,reported,,encrypt batch,wpfe_e16_m256_r2.stdout.log
wpfe,1/16,256,2,0,1,419,419,1580,1060,1059,76,1062,12,encryption_per_item,0.047,0.047,ms/item,single_observation,reported,256,encrypt batch,wpfe_e16_m256_r2.stdout.log
wpfe,1/16,256,2,0,1,419,419,1580,1060,1059,76,1062,12,fixed_kernel,0.013,0.013,ms,single_observation,reported,,fixed Cauchy FFT kernel,wpfe_e16_m256_r2.stdout.log
wpfe,1/16,256,2,0,15,419,419,1580,1060,1059,76,1062,12,validation,7.724,7.724,ms,internal_arithmetic_mean,reported,,"ctxtCheck(B), batched client proofs",wpfe_e16_m256_r2.stdout.log
wpfe,1/16,256,2,0,15,419,419,1580,1060,1059,76,1062,12,validation_per_item,0.03,0.03,ms/item,internal_arithmetic_mean,reported,256,"ctxtCheck(B), batched client proofs",wpfe_e16_m256_r2.stdout.log
wpfe,1/16,256,2,0,15,419,419,1580,1060,1059,76,1062,12,predec_selected,22.557,22.557,ms,internal_arithmetic_mean,reported,,"PreDec(B), all selected parties",wpfe_e16_m256_r2.stdout.log
wpfe,1/16,256,2,0,15,419,419,1580,1060,1059,76,1062,12,predec_selected_per_item,0.297,0.297,ms/item,internal_arithmetic_mean,reported,76,"PreDec(B), all selected parties",wpfe_e16_m256_r2.stdout.log
wpfe,1/16,256,2,0,15,419,419,1580,1060,1059,76,1062,12,acceptance,113.801,113.801,ms,internal_arithmetic_mean,reported,,batched response acceptance,wpfe_e16_m256_r2.stdout.log
wpfe,1/16,256,2,0,15,419,419,1580,1060,1059,76,1062,12,acceptance_per_item,1.497,1.497,ms/item,internal_arithmetic_mean,reported,76,batched response acceptance,wpfe_e16_m256_r2.stdout.log
wpfe,1/16,256,2,0,15,419,419,1580,1060,1059,76,1062,12,preparation,2211.986,2211.986,ms,internal_arithmetic_mean,reported,,committee interpolation / G2 MSMs,wpfe_e16_m256_r2.stdout.log
wpfe,1/16,256,2,0,15,419,419,1580,1060,1059,76,1062,12,preparation_per_item,8.641,8.641,ms/item,internal_arithmetic_mean,reported,256,committee interpolation / G2 MSMs,wpfe_e16_m256_r2.stdout.log
wpfe,1/16,256,2,0,15,419,419,1580,1060,1059,76,1062,12,precompute,25.97,25.97,ms,internal_arithmetic_mean,reported,,ciphertext-dependent Cauchy precompute,wpfe_e16_m256_r2.stdout.log
wpfe,1/16,256,2,0,15,419,419,1580,1060,1059,76,1062,12,precompute_per_item,0.101,0.101,ms/item,internal_arithmetic_mean,reported,256,ciphertext-dependent Cauchy precompute,wpfe_e16_m256_r2.stdout.log
wpfe,1/16,256,2,0,15,419,419,1580,1060,1059,76,1062,12,opening,208.178,208.178,ms,internal_arithmetic_mean,reported,,weighted opening / unmask,wpfe_e16_m256_r2.stdout.log
wpfe,1/16,256,2,0,15,419,419,1580,1060,1059,76,1062,12,opening_per_item,0.813,0.813,ms/item,internal_arithmetic_mean,reported,256,weighted opening / unmask,wpfe_e16_m256_r2.stdout.log
wpfe,1/16,256,2,0,15,419,419,1580,1060,1059,76,1062,12,cold_with_validation,2590.216,2590.216,ms,internal_arithmetic_mean,reported,,full cold-committee path incl checks,wpfe_e16_m256_r2.stdout.log
wpfe,1/16,256,2,0,15,419,419,1580,1060,1059,76,1062,12,cached_with_validation,378.23,378.23,ms,internal_arithmetic_mean,reported,,full cached-committee path incl checks,wpfe_e16_m256_r2.stdout.log
wpfe,1/16,256,2,0,15,419,419,1580,1060,1059,76,1062,12,dec_open,234.148,234.148,ms,internal_arithmetic_mean,sum_of_rounded_phase_means,,,wpfe_e16_m256_r2.stdout.log
wpfe,1/16,256,2,0,15,419,419,1580,1060,1059,76,1062,12,dec_total_without_validation,2582.4919999999997,2582.4919999999997,ms,internal_arithmetic_mean,sum_of_rounded_phase_means,,,wpfe_e16_m256_r2.stdout.log
wpfe,1/16,256,2,0,15,419,419,1580,1060,1059,76,1062,12,dec_cached_without_validation,370.50599999999986,370.50599999999986,ms,internal_arithmetic_mean,sum_of_rounded_phase_means,,,wpfe_e16_m256_r2.stdout.log
wpfe,1/16,256,2,0,1,419,419,1580,1060,1059,76,1062,12,key_core_bytes,77660256,,bytes,single_observation,reported,,core D1/D2/global material,wpfe_e16_m256_r2.stdout.log
wpfe,1/16,256,2,0,1,419,419,1580,1060,1059,76,1062,12,key_verification_bytes,10297344,,bytes,single_observation,reported,,party verification keys,wpfe_e16_m256_r2.stdout.log
wpfe,1/16,256,2,0,1,419,419,1580,1060,1059,76,1062,12,key_decryption_total_bytes,87957600,,bytes,single_observation,reported,,public decryption key,wpfe_e16_m256_r2.stdout.log
wpfe,1/16,128,2,0,1,419,419,1580,1060,1059,76,1062,12,setup,4551.619,4551.619,ms,single_observation,reported,,trusted weighted key generation,wpfe_e16_m128_r2.stdout.log
wpfe,1/16,128,2,0,1,419,419,1580,1060,1059,76,1062,12,encryption,6.418,6.418,ms,single_observation,reported,,encrypt batch,wpfe_e16_m128_r2.stdout.log
wpfe,1/16,128,2,0,1,419,419,1580,1060,1059,76,1062,12,encryption_per_item,0.05,0.05,ms/item,single_observation,reported,128,encrypt batch,wpfe_e16_m128_r2.stdout.log
wpfe,1/16,128,2,0,1,419,419,1580,1060,1059,76,1062,12,fixed_kernel,0.013,0.013,ms,single_observation,reported,,fixed Cauchy FFT kernel,wpfe_e16_m128_r2.stdout.log
wpfe,1/16,128,2,0,15,419,419,1580,1060,1059,76,1062,12,validation,4.328,4.328,ms,internal_arithmetic_mean,reported,,"ctxtCheck(B), batched client proofs",wpfe_e16_m128_r2.stdout.log
wpfe,1/16,128,2,0,15,419,419,1580,1060,1059,76,1062,12,validation_per_item,0.034,0.034,ms/item,internal_arithmetic_mean,reported,128,"ctxtCheck(B), batched client proofs",wpfe_e16_m128_r2.stdout.log
wpfe,1/16,128,2,0,15,419,419,1580,1060,1059,76,1062,12,predec_selected,13.154,13.154,ms,internal_arithmetic_mean,reported,,"PreDec(B), all selected parties",wpfe_e16_m128_r2.stdout.log
wpfe,1/16,128,2,0,15,419,419,1580,1060,1059,76,1062,12,predec_selected_per_item,0.173,0.173,ms/item,internal_arithmetic_mean,reported,76,"PreDec(B), all selected parties",wpfe_e16_m128_r2.stdout.log
wpfe,1/16,128,2,0,15,419,419,1580,1060,1059,76,1062,12,acceptance,58.367,58.367,ms,internal_arithmetic_mean,reported,,batched response acceptance,wpfe_e16_m128_r2.stdout.log
wpfe,1/16,128,2,0,15,419,419,1580,1060,1059,76,1062,12,acceptance_per_item,0.768,0.768,ms/item,internal_arithmetic_mean,reported,76,batched response acceptance,wpfe_e16_m128_r2.stdout.log
wpfe,1/16,128,2,0,15,419,419,1580,1060,1059,76,1062,12,preparation,1114.146,1114.146,ms,internal_arithmetic_mean,reported,,committee interpolation / G2 MSMs,wpfe_e16_m128_r2.stdout.log
wpfe,1/16,128,2,0,15,419,419,1580,1060,1059,76,1062,12,preparation_per_item,8.704,8.704,ms/item,internal_arithmetic_mean,reported,128,committee interpolation / G2 MSMs,wpfe_e16_m128_r2.stdout.log
wpfe,1/16,128,2,0,15,419,419,1580,1060,1059,76,1062,12,precompute,68.301,68.301,ms,internal_arithmetic_mean,reported,,ciphertext-dependent Cauchy precompute,wpfe_e16_m128_r2.stdout.log
wpfe,1/16,128,2,0,15,419,419,1580,1060,1059,76,1062,12,precompute_per_item,0.534,0.534,ms/item,internal_arithmetic_mean,reported,128,ciphertext-dependent Cauchy precompute,wpfe_e16_m128_r2.stdout.log
wpfe,1/16,128,2,0,15,419,419,1580,1060,1059,76,1062,12,opening,104.233,104.233,ms,internal_arithmetic_mean,reported,,weighted opening / unmask,wpfe_e16_m128_r2.stdout.log
wpfe,1/16,128,2,0,15,419,419,1580,1060,1059,76,1062,12,opening_per_item,0.814,0.814,ms/item,internal_arithmetic_mean,reported,128,weighted opening / unmask,wpfe_e16_m128_r2.stdout.log
wpfe,1/16,128,2,0,15,419,419,1580,1060,1059,76,1062,12,cold_with_validation,1362.529,1362.529,ms,internal_arithmetic_mean,reported,,full cold-committee path incl checks,wpfe_e16_m128_r2.stdout.log
wpfe,1/16,128,2,0,15,419,419,1580,1060,1059,76,1062,12,cached_with_validation,248.383,248.383,ms,internal_arithmetic_mean,reported,,full cached-committee path incl checks,wpfe_e16_m128_r2.stdout.log
wpfe,1/16,128,2,0,15,419,419,1580,1060,1059,76,1062,12,dec_open,172.534,172.534,ms,internal_arithmetic_mean,sum_of_rounded_phase_means,,,wpfe_e16_m128_r2.stdout.log
wpfe,1/16,128,2,0,15,419,419,1580,1060,1059,76,1062,12,dec_total_without_validation,1358.201,1358.201,ms,internal_arithmetic_mean,sum_of_rounded_phase_means,,,wpfe_e16_m128_r2.stdout.log
wpfe,1/16,128,2,0,15,419,419,1580,1060,1059,76,1062,12,dec_cached_without_validation,244.05500000000006,244.05500000000006,ms,internal_arithmetic_mean,sum_of_rounded_phase_means,,,wpfe_e16_m128_r2.stdout.log
wpfe,1/16,128,2,0,1,419,419,1580,1060,1059,76,1062,12,key_core_bytes,38830176,,bytes,single_observation,reported,,core D1/D2/global material,wpfe_e16_m128_r2.stdout.log
wpfe,1/16,128,2,0,1,419,419,1580,1060,1059,76,1062,12,key_verification_bytes,5148672,,bytes,single_observation,reported,,party verification keys,wpfe_e16_m128_r2.stdout.log
wpfe,1/16,128,2,0,1,419,419,1580,1060,1059,76,1062,12,key_decryption_total_bytes,43978848,,bytes,single_observation,reported,,public decryption key,wpfe_e16_m128_r2.stdout.log
wpfe,1/16,64,2,0,1,419,419,1580,1060,1059,76,1062,12,setup,2259.87,2259.87,ms,single_observation,reported,,trusted weighted key generation,wpfe_e16_m64_r2.stdout.log
wpfe,1/16,64,2,0,1,419,419,1580,1060,1059,76,1062,12,encryption,3.235,3.235,ms,single_observation,reported,,encrypt batch,wpfe_e16_m64_r2.stdout.log
wpfe,1/16,64,2,0,1,419,419,1580,1060,1059,76,1062,12,encryption_per_item,0.051,0.051,ms/item,single_observation,reported,64,encrypt batch,wpfe_e16_m64_r2.stdout.log
wpfe,1/16,64,2,0,1,419,419,1580,1060,1059,76,1062,12,fixed_kernel,0.014,0.014,ms,single_observation,reported,,fixed Cauchy FFT kernel,wpfe_e16_m64_r2.stdout.log
wpfe,1/16,64,2,0,15,419,419,1580,1060,1059,76,1062,12,validation,2.466,2.466,ms,internal_arithmetic_mean,reported,,"ctxtCheck(B), batched client proofs",wpfe_e16_m64_r2.stdout.log
wpfe,1/16,64,2,0,15,419,419,1580,1060,1059,76,1062,12,validation_per_item,0.039,0.039,ms/item,internal_arithmetic_mean,reported,64,"ctxtCheck(B), batched client proofs",wpfe_e16_m64_r2.stdout.log
wpfe,1/16,64,2,0,15,419,419,1580,1060,1059,76,1062,12,predec_selected,7.979,7.979,ms,internal_arithmetic_mean,reported,,"PreDec(B), all selected parties",wpfe_e16_m64_r2.stdout.log
wpfe,1/16,64,2,0,15,419,419,1580,1060,1059,76,1062,12,predec_selected_per_item,0.105,0.105,ms/item,internal_arithmetic_mean,reported,76,"PreDec(B), all selected parties",wpfe_e16_m64_r2.stdout.log
wpfe,1/16,64,2,0,15,419,419,1580,1060,1059,76,1062,12,acceptance,31.569,31.569,ms,internal_arithmetic_mean,reported,,batched response acceptance,wpfe_e16_m64_r2.stdout.log
wpfe,1/16,64,2,0,15,419,419,1580,1060,1059,76,1062,12,acceptance_per_item,0.415,0.415,ms/item,internal_arithmetic_mean,reported,76,batched response acceptance,wpfe_e16_m64_r2.stdout.log
wpfe,1/16,64,2,0,15,419,419,1580,1060,1059,76,1062,12,preparation,573.759,573.759,ms,internal_arithmetic_mean,reported,,committee interpolation / G2 MSMs,wpfe_e16_m64_r2.stdout.log
wpfe,1/16,64,2,0,15,419,419,1580,1060,1059,76,1062,12,preparation_per_item,8.965,8.965,ms/item,internal_arithmetic_mean,reported,64,committee interpolation / G2 MSMs,wpfe_e16_m64_r2.stdout.log
wpfe,1/16,64,2,0,15,419,419,1580,1060,1059,76,1062,12,precompute,26.908,26.908,ms,internal_arithmetic_mean,reported,,ciphertext-dependent Cauchy precompute,wpfe_e16_m64_r2.stdout.log
wpfe,1/16,64,2,0,15,419,419,1580,1060,1059,76,1062,12,precompute_per_item,0.42,0.42,ms/item,internal_arithmetic_mean,reported,64,ciphertext-dependent Cauchy precompute,wpfe_e16_m64_r2.stdout.log
wpfe,1/16,64,2,0,15,419,419,1580,1060,1059,76,1062,12,opening,57.12,57.12,ms,internal_arithmetic_mean,reported,,weighted opening / unmask,wpfe_e16_m64_r2.stdout.log
wpfe,1/16,64,2,0,15,419,419,1580,1060,1059,76,1062,12,opening_per_item,0.892,0.892,ms/item,internal_arithmetic_mean,reported,64,weighted opening / unmask,wpfe_e16_m64_r2.stdout.log
wpfe,1/16,64,2,0,15,419,419,1580,1060,1059,76,1062,12,cold_with_validation,699.801,699.801,ms,internal_arithmetic_mean,reported,,full cold-committee path incl checks,wpfe_e16_m64_r2.stdout.log
wpfe,1/16,64,2,0,15,419,419,1580,1060,1059,76,1062,12,cached_with_validation,126.042,126.042,ms,internal_arithmetic_mean,reported,,full cached-committee path incl checks,wpfe_e16_m64_r2.stdout.log
wpfe,1/16,64,2,0,15,419,419,1580,1060,1059,76,1062,12,dec_open,84.02799999999999,84.02799999999999,ms,internal_arithmetic_mean,sum_of_rounded_phase_means,,,wpfe_e16_m64_r2.stdout.log
wpfe,1/16,64,2,0,15,419,419,1580,1060,1059,76,1062,12,dec_total_without_validation,697.335,697.335,ms,internal_arithmetic_mean,sum_of_rounded_phase_means,,,wpfe_e16_m64_r2.stdout.log
wpfe,1/16,64,2,0,15,419,419,1580,1060,1059,76,1062,12,dec_cached_without_validation,123.57600000000002,123.57600000000002,ms,internal_arithmetic_mean,sum_of_rounded_phase_means,,,wpfe_e16_m64_r2.stdout.log
wpfe,1/16,64,2,0,1,419,419,1580,1060,1059,76,1062,12,key_core_bytes,19415136,,bytes,single_observation,reported,,core D1/D2/global material,wpfe_e16_m64_r2.stdout.log
wpfe,1/16,64,2,0,1,419,419,1580,1060,1059,76,1062,12,key_verification_bytes,2574336,,bytes,single_observation,reported,,party verification keys,wpfe_e16_m64_r2.stdout.log
wpfe,1/16,64,2,0,1,419,419,1580,1060,1059,76,1062,12,key_decryption_total_bytes,21989472,,bytes,single_observation,reported,,public decryption key,wpfe_e16_m64_r2.stdout.log
wpfe,1/16,32,2,0,1,419,419,1580,1060,1059,76,1062,12,setup,1167.443,1167.443,ms,single_observation,reported,,trusted weighted key generation,wpfe_e16_m32_r2.stdout.log
wpfe,1/16,32,2,0,1,419,419,1580,1060,1059,76,1062,12,encryption,1.675,1.675,ms,single_observation,reported,,encrypt batch,wpfe_e16_m32_r2.stdout.log
wpfe,1/16,32,2,0,1,419,419,1580,1060,1059,76,1062,12,encryption_per_item,0.052,0.052,ms/item,single_observation,reported,32,encrypt batch,wpfe_e16_m32_r2.stdout.log
wpfe,1/16,32,2,0,1,419,419,1580,1060,1059,76,1062,12,fixed_kernel,0.012,0.012,ms,single_observation,reported,,fixed Cauchy FFT kernel,wpfe_e16_m32_r2.stdout.log
wpfe,1/16,32,2,0,15,419,419,1580,1060,1059,76,1062,12,validation,1.447,1.447,ms,internal_arithmetic_mean,reported,,"ctxtCheck(B), batched client proofs",wpfe_e16_m32_r2.stdout.log
wpfe,1/16,32,2,0,15,419,419,1580,1060,1059,76,1062,12,validation_per_item,0.045,0.045,ms/item,internal_arithmetic_mean,reported,32,"ctxtCheck(B), batched client proofs",wpfe_e16_m32_r2.stdout.log
wpfe,1/16,32,2,0,15,419,419,1580,1060,1059,76,1062,12,predec_selected,4.971,4.971,ms,internal_arithmetic_mean,reported,,"PreDec(B), all selected parties",wpfe_e16_m32_r2.stdout.log
wpfe,1/16,32,2,0,15,419,419,1580,1060,1059,76,1062,12,predec_selected_per_item,0.065,0.065,ms/item,internal_arithmetic_mean,reported,76,"PreDec(B), all selected parties",wpfe_e16_m32_r2.stdout.log
wpfe,1/16,32,2,0,15,419,419,1580,1060,1059,76,1062,12,acceptance,16.747,16.747,ms,internal_arithmetic_mean,reported,,batched response acceptance,wpfe_e16_m32_r2.stdout.log
wpfe,1/16,32,2,0,15,419,419,1580,1060,1059,76,1062,12,acceptance_per_item,0.22,0.22,ms/item,internal_arithmetic_mean,reported,76,batched response acceptance,wpfe_e16_m32_r2.stdout.log
wpfe,1/16,32,2,0,15,419,419,1580,1060,1059,76,1062,12,preparation,286.149,286.149,ms,internal_arithmetic_mean,reported,,committee interpolation / G2 MSMs,wpfe_e16_m32_r2.stdout.log
wpfe,1/16,32,2,0,15,419,419,1580,1060,1059,76,1062,12,preparation_per_item,8.942,8.942,ms/item,internal_arithmetic_mean,reported,32,committee interpolation / G2 MSMs,wpfe_e16_m32_r2.stdout.log
wpfe,1/16,32,2,0,15,419,419,1580,1060,1059,76,1062,12,precompute,9.926,9.926,ms,internal_arithmetic_mean,reported,,ciphertext-dependent Cauchy precompute,wpfe_e16_m32_r2.stdout.log
wpfe,1/16,32,2,0,15,419,419,1580,1060,1059,76,1062,12,precompute_per_item,0.31,0.31,ms/item,internal_arithmetic_mean,reported,32,ciphertext-dependent Cauchy precompute,wpfe_e16_m32_r2.stdout.log
wpfe,1/16,32,2,0,15,419,419,1580,1060,1059,76,1062,12,opening,28.57,28.57,ms,internal_arithmetic_mean,reported,,weighted opening / unmask,wpfe_e16_m32_r2.stdout.log
wpfe,1/16,32,2,0,15,419,419,1580,1060,1059,76,1062,12,opening_per_item,0.893,0.893,ms/item,internal_arithmetic_mean,reported,32,weighted opening / unmask,wpfe_e16_m32_r2.stdout.log
wpfe,1/16,32,2,0,15,419,419,1580,1060,1059,76,1062,12,cold_with_validation,347.81,347.81,ms,internal_arithmetic_mean,reported,,full cold-committee path incl checks,wpfe_e16_m32_r2.stdout.log
wpfe,1/16,32,2,0,15,419,419,1580,1060,1059,76,1062,12,cached_with_validation,61.661,61.661,ms,internal_arithmetic_mean,reported,,full cached-committee path incl checks,wpfe_e16_m32_r2.stdout.log
wpfe,1/16,32,2,0,15,419,419,1580,1060,1059,76,1062,12,dec_open,38.496,38.496,ms,internal_arithmetic_mean,sum_of_rounded_phase_means,,,wpfe_e16_m32_r2.stdout.log
wpfe,1/16,32,2,0,15,419,419,1580,1060,1059,76,1062,12,dec_total_without_validation,346.363,346.363,ms,internal_arithmetic_mean,sum_of_rounded_phase_means,,,wpfe_e16_m32_r2.stdout.log
wpfe,1/16,32,2,0,15,419,419,1580,1060,1059,76,1062,12,dec_cached_without_validation,60.214,60.214,ms,internal_arithmetic_mean,sum_of_rounded_phase_means,,,wpfe_e16_m32_r2.stdout.log
wpfe,1/16,32,2,0,1,419,419,1580,1060,1059,76,1062,12,key_core_bytes,9707616,,bytes,single_observation,reported,,core D1/D2/global material,wpfe_e16_m32_r2.stdout.log
wpfe,1/16,32,2,0,1,419,419,1580,1060,1059,76,1062,12,key_verification_bytes,1287168,,bytes,single_observation,reported,,party verification keys,wpfe_e16_m32_r2.stdout.log
wpfe,1/16,32,2,0,1,419,419,1580,1060,1059,76,1062,12,key_decryption_total_bytes,10994784,,bytes,single_observation,reported,,public decryption key,wpfe_e16_m32_r2.stdout.log
wpfe,1/64,16,2,0,1,688,688,6489,4327,4326,79,4333,12,setup,2185.447,2185.447,ms,single_observation,reported,,trusted weighted key generation,wpfe_e64_m16_r2.stdout.log
wpfe,1/64,16,2,0,1,688,688,6489,4327,4326,79,4333,12,encryption,1.538,1.538,ms,single_observation,reported,,encrypt batch,wpfe_e64_m16_r2.stdout.log
wpfe,1/64,16,2,0,1,688,688,6489,4327,4326,79,4333,12,encryption_per_item,0.096,0.096,ms/item,single_observation,reported,16,encrypt batch,wpfe_e64_m16_r2.stdout.log
wpfe,1/64,16,2,0,1,688,688,6489,4327,4326,79,4333,12,fixed_kernel,0.012,0.012,ms,single_observation,reported,,fixed Cauchy FFT kernel,wpfe_e64_m16_r2.stdout.log
wpfe,1/64,16,2,0,15,688,688,6489,4327,4326,79,4333,12,validation,0.864,0.864,ms,internal_arithmetic_mean,reported,,"ctxtCheck(B), batched client proofs",wpfe_e64_m16_r2.stdout.log
wpfe,1/64,16,2,0,15,688,688,6489,4327,4326,79,4333,12,validation_per_item,0.054,0.054,ms/item,internal_arithmetic_mean,reported,16,"ctxtCheck(B), batched client proofs",wpfe_e64_m16_r2.stdout.log
wpfe,1/64,16,2,0,15,688,688,6489,4327,4326,79,4333,12,predec_selected,3.238,3.238,ms,internal_arithmetic_mean,reported,,"PreDec(B), all selected parties",wpfe_e64_m16_r2.stdout.log
wpfe,1/64,16,2,0,15,688,688,6489,4327,4326,79,4333,12,predec_selected_per_item,0.041,0.041,ms/item,internal_arithmetic_mean,reported,79,"PreDec(B), all selected parties",wpfe_e64_m16_r2.stdout.log
wpfe,1/64,16,2,0,15,688,688,6489,4327,4326,79,4333,12,acceptance,11.304,11.304,ms,internal_arithmetic_mean,reported,,batched response acceptance,wpfe_e64_m16_r2.stdout.log
wpfe,1/64,16,2,0,15,688,688,6489,4327,4326,79,4333,12,acceptance_per_item,0.143,0.143,ms/item,internal_arithmetic_mean,reported,79,batched response acceptance,wpfe_e64_m16_r2.stdout.log
wpfe,1/64,16,2,0,15,688,688,6489,4327,4326,79,4333,12,preparation,510.751,510.751,ms,internal_arithmetic_mean,reported,,committee interpolation / G2 MSMs,wpfe_e64_m16_r2.stdout.log
wpfe,1/64,16,2,0,15,688,688,6489,4327,4326,79,4333,12,preparation_per_item,31.922,31.922,ms/item,internal_arithmetic_mean,reported,16,committee interpolation / G2 MSMs,wpfe_e64_m16_r2.stdout.log
wpfe,1/64,16,2,0,15,688,688,6489,4327,4326,79,4333,12,precompute,3.336,3.336,ms,internal_arithmetic_mean,reported,,ciphertext-dependent Cauchy precompute,wpfe_e64_m16_r2.stdout.log
wpfe,1/64,16,2,0,15,688,688,6489,4327,4326,79,4333,12,precompute_per_item,0.208,0.208,ms/item,internal_arithmetic_mean,reported,16,ciphertext-dependent Cauchy precompute,wpfe_e64_m16_r2.stdout.log
wpfe,1/64,16,2,0,15,688,688,6489,4327,4326,79,4333,12,opening,19.469,19.469,ms,internal_arithmetic_mean,reported,,weighted opening / unmask,wpfe_e64_m16_r2.stdout.log
wpfe,1/64,16,2,0,15,688,688,6489,4327,4326,79,4333,12,opening_per_item,1.217,1.217,ms/item,internal_arithmetic_mean,reported,16,weighted opening / unmask,wpfe_e64_m16_r2.stdout.log
wpfe,1/64,16,2,0,15,688,688,6489,4327,4326,79,4333,12,cold_with_validation,548.963,548.963,ms,internal_arithmetic_mean,reported,,full cold-committee path incl checks,wpfe_e64_m16_r2.stdout.log
wpfe,1/64,16,2,0,15,688,688,6489,4327,4326,79,4333,12,cached_with_validation,38.212,38.212,ms,internal_arithmetic_mean,reported,,full cached-committee path incl checks,wpfe_e64_m16_r2.stdout.log
wpfe,1/64,16,2,0,15,688,688,6489,4327,4326,79,4333,12,dec_open,22.805,22.805,ms,internal_arithmetic_mean,sum_of_rounded_phase_means,,,wpfe_e64_m16_r2.stdout.log
wpfe,1/64,16,2,0,15,688,688,6489,4327,4326,79,4333,12,dec_total_without_validation,548.098,548.098,ms,internal_arithmetic_mean,sum_of_rounded_phase_means,,,wpfe_e64_m16_r2.stdout.log
wpfe,1/64,16,2,0,15,688,688,6489,4327,4326,79,4333,12,dec_cached_without_validation,37.34699999999998,37.34699999999998,ms,internal_arithmetic_mean,sum_of_rounded_phase_means,,,wpfe_e64_m16_r2.stdout.log
wpfe,1/64,16,2,0,1,688,688,6489,4327,4326,79,4333,12,key_core_bytes,19934304,,bytes,single_observation,reported,,core D1/D2/global material,wpfe_e64_m16_r2.stdout.log
wpfe,1/64,16,2,0,1,688,688,6489,4327,4326,79,4333,12,key_verification_bytes,1056768,,bytes,single_observation,reported,,party verification keys,wpfe_e64_m16_r2.stdout.log
wpfe,1/64,16,2,0,1,688,688,6489,4327,4326,79,4333,12,key_decryption_total_bytes,20991072,,bytes,single_observation,reported,,public decryption key,wpfe_e64_m16_r2.stdout.log
wpfe,1/32,16,2,0,1,598,598,3063,2044,2043,79,2046,12,setup,1067.174,1067.174,ms,single_observation,reported,,trusted weighted key generation,wpfe_e32_m16_r2.stdout.log
wpfe,1/32,16,2,0,1,598,598,3063,2044,2043,79,2046,12,encryption,1.374,1.374,ms,single_observation,reported,,encrypt batch,wpfe_e32_m16_r2.stdout.log
wpfe,1/32,16,2,0,1,598,598,3063,2044,2043,79,2046,12,encryption_per_item,0.086,0.086,ms/item,single_observation,reported,16,encrypt batch,wpfe_e32_m16_r2.stdout.log
wpfe,1/32,16,2,0,1,598,598,3063,2044,2043,79,2046,12,fixed_kernel,0.015,0.015,ms,single_observation,reported,,fixed Cauchy FFT kernel,wpfe_e32_m16_r2.stdout.log
wpfe,1/32,16,2,0,15,598,598,3063,2044,2043,79,2046,12,validation,0.864,0.864,ms,internal_arithmetic_mean,reported,,"ctxtCheck(B), batched client proofs",wpfe_e32_m16_r2.stdout.log
wpfe,1/32,16,2,0,15,598,598,3063,2044,2043,79,2046,12,validation_per_item,0.054,0.054,ms/item,internal_arithmetic_mean,reported,16,"ctxtCheck(B), batched client proofs",wpfe_e32_m16_r2.stdout.log
wpfe,1/32,16,2,0,15,598,598,3063,2044,2043,79,2046,12,predec_selected,3.243,3.243,ms,internal_arithmetic_mean,reported,,"PreDec(B), all selected parties",wpfe_e32_m16_r2.stdout.log
wpfe,1/32,16,2,0,15,598,598,3063,2044,2043,79,2046,12,predec_selected_per_item,0.041,0.041,ms/item,internal_arithmetic_mean,reported,79,"PreDec(B), all selected parties",wpfe_e32_m16_r2.stdout.log
wpfe,1/32,16,2,0,15,598,598,3063,2044,2043,79,2046,12,acceptance,11.372,11.372,ms,internal_arithmetic_mean,reported,,batched response acceptance,wpfe_e32_m16_r2.stdout.log
wpfe,1/32,16,2,0,15,598,598,3063,2044,2043,79,2046,12,acceptance_per_item,0.144,0.144,ms/item,internal_arithmetic_mean,reported,79,batched response acceptance,wpfe_e32_m16_r2.stdout.log
wpfe,1/32,16,2,0,15,598,598,3063,2044,2043,79,2046,12,preparation,277.595,277.595,ms,internal_arithmetic_mean,reported,,committee interpolation / G2 MSMs,wpfe_e32_m16_r2.stdout.log
wpfe,1/32,16,2,0,15,598,598,3063,2044,2043,79,2046,12,preparation_per_item,17.35,17.35,ms/item,internal_arithmetic_mean,reported,16,committee interpolation / G2 MSMs,wpfe_e32_m16_r2.stdout.log
wpfe,1/32,16,2,0,15,598,598,3063,2044,2043,79,2046,12,precompute,3.335,3.335,ms,internal_arithmetic_mean,reported,,ciphertext-dependent Cauchy precompute,wpfe_e32_m16_r2.stdout.log
wpfe,1/32,16,2,0,15,598,598,3063,2044,2043,79,2046,12,precompute_per_item,0.208,0.208,ms/item,internal_arithmetic_mean,reported,16,ciphertext-dependent Cauchy precompute,wpfe_e32_m16_r2.stdout.log
wpfe,1/32,16,2,0,15,598,598,3063,2044,2043,79,2046,12,opening,19.49,19.49,ms,internal_arithmetic_mean,reported,,weighted opening / unmask,wpfe_e32_m16_r2.stdout.log
wpfe,1/32,16,2,0,15,598,598,3063,2044,2043,79,2046,12,opening_per_item,1.218,1.218,ms/item,internal_arithmetic_mean,reported,16,weighted opening / unmask,wpfe_e32_m16_r2.stdout.log
wpfe,1/32,16,2,0,15,598,598,3063,2044,2043,79,2046,12,cold_with_validation,315.899,315.899,ms,internal_arithmetic_mean,reported,,full cold-committee path incl checks,wpfe_e32_m16_r2.stdout.log
wpfe,1/32,16,2,0,15,598,598,3063,2044,2043,79,2046,12,cached_with_validation,38.303,38.303,ms,internal_arithmetic_mean,reported,,full cached-committee path incl checks,wpfe_e32_m16_r2.stdout.log
wpfe,1/32,16,2,0,15,598,598,3063,2044,2043,79,2046,12,dec_open,22.825,22.825,ms,internal_arithmetic_mean,sum_of_rounded_phase_means,,,wpfe_e32_m16_r2.stdout.log
wpfe,1/32,16,2,0,15,598,598,3063,2044,2043,79,2046,12,dec_total_without_validation,315.035,315.035,ms,internal_arithmetic_mean,sum_of_rounded_phase_means,,,wpfe_e32_m16_r2.stdout.log
wpfe,1/32,16,2,0,15,598,598,3063,2044,2043,79,2046,12,dec_cached_without_validation,37.44,37.44,ms,internal_arithmetic_mean,sum_of_rounded_phase_means,,,wpfe_e32_m16_r2.stdout.log
wpfe,1/32,16,2,0,1,598,598,3063,2044,2043,79,2046,12,key_core_bytes,9409632,,bytes,single_observation,reported,,core D1/D2/global material,wpfe_e32_m16_r2.stdout.log
wpfe,1/32,16,2,0,1,598,598,3063,2044,2043,79,2046,12,key_verification_bytes,918528,,bytes,single_observation,reported,,party verification keys,wpfe_e32_m16_r2.stdout.log
wpfe,1/32,16,2,0,1,598,598,3063,2044,2043,79,2046,12,key_decryption_total_bytes,10328160,,bytes,single_observation,reported,,public decryption key,wpfe_e32_m16_r2.stdout.log
wpfe,1/16,16,2,0,1,419,419,1580,1060,1059,76,1062,12,setup,591.724,591.724,ms,single_observation,reported,,trusted weighted key generation,wpfe_e16_m16_r2.stdout.log
wpfe,1/16,16,2,0,1,419,419,1580,1060,1059,76,1062,12,encryption,1.407,1.407,ms,single_observation,reported,,encrypt batch,wpfe_e16_m16_r2.stdout.log
wpfe,1/16,16,2,0,1,419,419,1580,1060,1059,76,1062,12,encryption_per_item,0.088,0.088,ms/item,single_observation,reported,16,encrypt batch,wpfe_e16_m16_r2.stdout.log
wpfe,1/16,16,2,0,1,419,419,1580,1060,1059,76,1062,12,fixed_kernel,0.014,0.014,ms,single_observation,reported,,fixed Cauchy FFT kernel,wpfe_e16_m16_r2.stdout.log
wpfe,1/16,16,2,0,15,419,419,1580,1060,1059,76,1062,12,validation,0.877,0.877,ms,internal_arithmetic_mean,reported,,"ctxtCheck(B), batched client proofs",wpfe_e16_m16_r2.stdout.log
wpfe,1/16,16,2,0,15,419,419,1580,1060,1059,76,1062,12,validation_per_item,0.055,0.055,ms/item,internal_arithmetic_mean,reported,16,"ctxtCheck(B), batched client proofs",wpfe_e16_m16_r2.stdout.log
wpfe,1/16,16,2,0,15,419,419,1580,1060,1059,76,1062,12,predec_selected,3.162,3.162,ms,internal_arithmetic_mean,reported,,"PreDec(B), all selected parties",wpfe_e16_m16_r2.stdout.log
wpfe,1/16,16,2,0,15,419,419,1580,1060,1059,76,1062,12,predec_selected_per_item,0.042,0.042,ms/item,internal_arithmetic_mean,reported,76,"PreDec(B), all selected parties",wpfe_e16_m16_r2.stdout.log
wpfe,1/16,16,2,0,15,419,419,1580,1060,1059,76,1062,12,acceptance,11.145,11.145,ms,internal_arithmetic_mean,reported,,batched response acceptance,wpfe_e16_m16_r2.stdout.log
wpfe,1/16,16,2,0,15,419,419,1580,1060,1059,76,1062,12,acceptance_per_item,0.147,0.147,ms/item,internal_arithmetic_mean,reported,76,batched response acceptance,wpfe_e16_m16_r2.stdout.log
wpfe,1/16,16,2,0,15,419,419,1580,1060,1059,76,1062,12,preparation,160.541,160.541,ms,internal_arithmetic_mean,reported,,committee interpolation / G2 MSMs,wpfe_e16_m16_r2.stdout.log
wpfe,1/16,16,2,0,15,419,419,1580,1060,1059,76,1062,12,preparation_per_item,10.034,10.034,ms/item,internal_arithmetic_mean,reported,16,committee interpolation / G2 MSMs,wpfe_e16_m16_r2.stdout.log
wpfe,1/16,16,2,0,15,419,419,1580,1060,1059,76,1062,12,precompute,3.334,3.334,ms,internal_arithmetic_mean,reported,,ciphertext-dependent Cauchy precompute,wpfe_e16_m16_r2.stdout.log
wpfe,1/16,16,2,0,15,419,419,1580,1060,1059,76,1062,12,precompute_per_item,0.208,0.208,ms/item,internal_arithmetic_mean,reported,16,ciphertext-dependent Cauchy precompute,wpfe_e16_m16_r2.stdout.log
wpfe,1/16,16,2,0,15,419,419,1580,1060,1059,76,1062,12,opening,18.88,18.88,ms,internal_arithmetic_mean,reported,,weighted opening / unmask,wpfe_e16_m16_r2.stdout.log
wpfe,1/16,16,2,0,15,419,419,1580,1060,1059,76,1062,12,opening_per_item,1.18,1.18,ms/item,internal_arithmetic_mean,reported,16,weighted opening / unmask,wpfe_e16_m16_r2.stdout.log
wpfe,1/16,16,2,0,15,419,419,1580,1060,1059,76,1062,12,cold_with_validation,197.938,197.938,ms,internal_arithmetic_mean,reported,,full cold-committee path incl checks,wpfe_e16_m16_r2.stdout.log
wpfe,1/16,16,2,0,15,419,419,1580,1060,1059,76,1062,12,cached_with_validation,37.398,37.398,ms,internal_arithmetic_mean,reported,,full cached-committee path incl checks,wpfe_e16_m16_r2.stdout.log
wpfe,1/16,16,2,0,15,419,419,1580,1060,1059,76,1062,12,dec_open,22.214,22.214,ms,internal_arithmetic_mean,sum_of_rounded_phase_means,,,wpfe_e16_m16_r2.stdout.log
wpfe,1/16,16,2,0,15,419,419,1580,1060,1059,76,1062,12,dec_total_without_validation,197.06199999999998,197.06199999999998,ms,internal_arithmetic_mean,sum_of_rounded_phase_means,,,wpfe_e16_m16_r2.stdout.log
wpfe,1/16,16,2,0,15,419,419,1580,1060,1059,76,1062,12,dec_cached_without_validation,36.52099999999999,36.52099999999999,ms,internal_arithmetic_mean,sum_of_rounded_phase_means,,,wpfe_e16_m16_r2.stdout.log
wpfe,1/16,16,2,0,1,419,419,1580,1060,1059,76,1062,12,key_core_bytes,4853856,,bytes,single_observation,reported,,core D1/D2/global material,wpfe_e16_m16_r2.stdout.log
wpfe,1/16,16,2,0,1,419,419,1580,1060,1059,76,1062,12,key_verification_bytes,643584,,bytes,single_observation,reported,,party verification keys,wpfe_e16_m16_r2.stdout.log
wpfe,1/16,16,2,0,1,419,419,1580,1060,1059,76,1062,12,key_decryption_total_bytes,5497440,,bytes,single_observation,reported,,public decryption key,wpfe_e16_m16_r2.stdout.log
wpfe,1/8,16,2,0,1,234,234,764,512,511,59,515,12,setup,297.744,297.744,ms,single_observation,reported,,trusted weighted key generation,wpfe_e8_m16_r2.stdout.log
wpfe,1/8,16,2,0,1,234,234,764,512,511,59,515,12,encryption,1.084,1.084,ms,single_observation,reported,,encrypt batch,wpfe_e8_m16_r2.stdout.log
wpfe,1/8,16,2,0,1,234,234,764,512,511,59,515,12,encryption_per_item,0.068,0.068,ms/item,single_observation,reported,16,encrypt batch,wpfe_e8_m16_r2.stdout.log
wpfe,1/8,16,2,0,1,234,234,764,512,511,59,515,12,fixed_kernel,0.012,0.012,ms,single_observation,reported,,fixed Cauchy FFT kernel,wpfe_e8_m16_r2.stdout.log
wpfe,1/8,16,2,0,15,234,234,764,512,511,59,515,12,validation,0.873,0.873,ms,internal_arithmetic_mean,reported,,"ctxtCheck(B), batched client proofs",wpfe_e8_m16_r2.stdout.log
wpfe,1/8,16,2,0,15,234,234,764,512,511,59,515,12,validation_per_item,0.055,0.055,ms/item,internal_arithmetic_mean,reported,16,"ctxtCheck(B), batched client proofs",wpfe_e8_m16_r2.stdout.log
wpfe,1/8,16,2,0,15,234,234,764,512,511,59,515,12,predec_selected,2.301,2.301,ms,internal_arithmetic_mean,reported,,"PreDec(B), all selected parties",wpfe_e8_m16_r2.stdout.log
wpfe,1/8,16,2,0,15,234,234,764,512,511,59,515,12,predec_selected_per_item,0.039,0.039,ms/item,internal_arithmetic_mean,reported,59,"PreDec(B), all selected parties",wpfe_e8_m16_r2.stdout.log
wpfe,1/8,16,2,0,15,234,234,764,512,511,59,515,12,acceptance,9.808,9.808,ms,internal_arithmetic_mean,reported,,batched response acceptance,wpfe_e8_m16_r2.stdout.log
wpfe,1/8,16,2,0,15,234,234,764,512,511,59,515,12,acceptance_per_item,0.166,0.166,ms/item,internal_arithmetic_mean,reported,59,batched response acceptance,wpfe_e8_m16_r2.stdout.log
wpfe,1/8,16,2,0,15,234,234,764,512,511,59,515,12,preparation,88.689,88.689,ms,internal_arithmetic_mean,reported,,committee interpolation / G2 MSMs,wpfe_e8_m16_r2.stdout.log
wpfe,1/8,16,2,0,15,234,234,764,512,511,59,515,12,preparation_per_item,5.543,5.543,ms/item,internal_arithmetic_mean,reported,16,committee interpolation / G2 MSMs,wpfe_e8_m16_r2.stdout.log
wpfe,1/8,16,2,0,15,234,234,764,512,511,59,515,12,precompute,3.341,3.341,ms,internal_arithmetic_mean,reported,,ciphertext-dependent Cauchy precompute,wpfe_e8_m16_r2.stdout.log
wpfe,1/8,16,2,0,15,234,234,764,512,511,59,515,12,precompute_per_item,0.209,0.209,ms/item,internal_arithmetic_mean,reported,16,ciphertext-dependent Cauchy precompute,wpfe_e8_m16_r2.stdout.log
wpfe,1/8,16,2,0,15,234,234,764,512,511,59,515,12,opening,14.9,14.9,ms,internal_arithmetic_mean,reported,,weighted opening / unmask,wpfe_e8_m16_r2.stdout.log
wpfe,1/8,16,2,0,15,234,234,764,512,511,59,515,12,opening_per_item,0.931,0.931,ms/item,internal_arithmetic_mean,reported,16,weighted opening / unmask,wpfe_e8_m16_r2.stdout.log
wpfe,1/8,16,2,0,15,234,234,764,512,511,59,515,12,cold_with_validation,119.912,119.912,ms,internal_arithmetic_mean,reported,,full cold-committee path incl checks,wpfe_e8_m16_r2.stdout.log
wpfe,1/8,16,2,0,15,234,234,764,512,511,59,515,12,cached_with_validation,31.223,31.223,ms,internal_arithmetic_mean,reported,,full cached-committee path incl checks,wpfe_e8_m16_r2.stdout.log
wpfe,1/8,16,2,0,15,234,234,764,512,511,59,515,12,dec_open,18.241,18.241,ms,internal_arithmetic_mean,sum_of_rounded_phase_means,,,wpfe_e8_m16_r2.stdout.log
wpfe,1/8,16,2,0,15,234,234,764,512,511,59,515,12,dec_total_without_validation,119.03899999999999,119.03899999999999,ms,internal_arithmetic_mean,sum_of_rounded_phase_means,,,wpfe_e8_m16_r2.stdout.log
wpfe,1/8,16,2,0,15,234,234,764,512,511,59,515,12,dec_cached_without_validation,30.349999999999994,30.349999999999994,ms,internal_arithmetic_mean,sum_of_rounded_phase_means,,,wpfe_e8_m16_r2.stdout.log
wpfe,1/8,16,2,0,1,234,234,764,512,511,59,515,12,key_core_bytes,2347104,,bytes,single_observation,reported,,core D1/D2/global material,wpfe_e8_m16_r2.stdout.log
wpfe,1/8,16,2,0,1,234,234,764,512,511,59,515,12,key_verification_bytes,359424,,bytes,single_observation,reported,,party verification keys,wpfe_e8_m16_r2.stdout.log
wpfe,1/8,16,2,0,1,234,234,764,512,511,59,515,12,key_decryption_total_bytes,2706528,,bytes,single_observation,reported,,public decryption key,wpfe_e8_m16_r2.stdout.log
